model,return
barbell,3.028163169
barbell,3.738206547
barbell,1.031824783
barbell,12.11379673
barbell,6.530993234
barbell,8.241901021
barbell,3.799381239
barbell,8.641879814
barbell,8.74221245
barbell,0.691553522
barbell,8.09676799
barbell,4.1627315
barbell,7.425657896
barbell,3.389148674
barbell,4.140396494
barbell,3.634325236
barbell,4.79197156
barbell,8.249357372
barbell,1.600766522
barbell,-0.935598087
barbell,7.005391149
barbell,4.962090362
barbell,6.352633712
barbell,1.909152991
barbell,7.707305001
barbell,7.001896255
barbell,1.216383109
barbell,5.052929157
barbell,10.02452086
barbell,5.867473346
barbell,4.76882882
barbell,1.366216266
barbell,9.131470302
barbell,1.472901759
barbell,6.105616166
barbell,5.035355817
barbell,5.328666429
barbell,0.88798874
barbell,5.695417088
barbell,5.321220393
barbell,5.738853506
barbell,5.852202844
barbell,6.160463785
barbell,5.788972141
barbell,5.48866671
barbell,8.941610007
barbell,5.808789737
barbell,8.119892832
barbell,4.620523006
barbell,3.492491225
barbell,6.570650876
barbell,3.54390531
barbell,6.191528102
barbell,2.992573311
barbell,4.795550524
barbell,5.55310665
barbell,5.1550143
barbell,5.154797084
barbell,2.456213246
barbell,5.172710107
barbell,1.937109905
barbell,13.67913279
barbell,14.93386698
barbell,7.573671436
barbell,3.614585936
barbell,12.14771935
barbell,6.722610418
barbell,8.168759048
barbell,3.870381331
barbell,8.942579171
barbell,5.274566066
barbell,5.868188097
barbell,0.282247257
barbell,6.521138019
barbell,4.403439195
barbell,5.612478115
barbell,7.208925813
barbell,2.783533684
barbell,2.816787215
barbell,3.741824326
barbell,6.422422802
barbell,8.031187441
barbell,5.945270206
barbell,3.328788183
barbell,6.204991608
barbell,4.089848352
barbell,6.577995766
barbell,4.864393267
barbell,2.216947186
barbell,4.350693275
barbell,5.94645884
barbell,3.835358531
barbell,3.247765554
barbell,4.796742133
barbell,10.35794029
barbell,11.56714576
barbell,8.304476463
barbell,3.749640462
barbell,8.244964798
barbell,5.902916886
barbell,3.935298717
barbell,8.250405321
barbell,6.819098865
barbell,7.214216409
barbell,8.78666755
barbell,9.43570075
barbell,6.880635439
barbell,1.94266086
barbell,9.150072441
barbell,5.010262541
barbell,11.58963366
barbell,2.453864166
barbell,7.985671764
barbell,7.846097332
barbell,7.78758032
barbell,2.097966657
barbell,9.500336207
barbell,8.453355192
barbell,9.327614418
barbell,4.063745202
barbell,5.95003786
barbell,4.39960303
barbell,10.39861382
barbell,3.858202967
barbell,5.549857291
barbell,2.826393557
barbell,3.431988149
barbell,3.102182178
barbell,5.332791084
barbell,8.626722148
barbell,6.122780658
barbell,2.367052044
barbell,6.1247854
barbell,5.353147477
barbell,3.992829324
barbell,6.873764586
barbell,12.59071513
barbell,3.494252869
barbell,3.916339787
barbell,5.672103221
barbell,0.782516792
barbell,2.866439184
barbell,6.983578582
barbell,5.187320334
barbell,7.757546995
barbell,6.565503098
barbell,4.382637356
barbell,1.477055049
barbell,4.010582499
barbell,5.467948237
barbell,12.20205327
barbell,2.002302171
barbell,2.301977621
barbell,6.317642929
barbell,11.40002769
barbell,2.686839806
barbell,4.887783408
barbell,9.131525386
barbell,5.968696518
barbell,3.529282278
barbell,4.688374677
barbell,2.411448256
barbell,2.583436858
barbell,8.176218038
barbell,4.45855696
barbell,8.070104343
barbell,7.674514612
barbell,2.848561386
barbell,4.796956307
barbell,4.577423777
barbell,4.570486446
barbell,4.693183321
barbell,3.706192976
barbell,6.938956544
barbell,3.476664574
barbell,7.925841161
barbell,4.99251467
barbell,9.688542468
barbell,8.016922223
barbell,9.975303662
barbell,0.842230108
barbell,6.269709976
barbell,5.465415573
barbell,8.192828631
barbell,5.449678066
barbell,6.83469182
barbell,2.31436565
barbell,5.755271659
barbell,2.490210356
barbell,1.610582887
barbell,7.729211953
barbell,0.541864491
barbell,5.631420885
barbell,3.828461476
barbell,5.577591549
barbell,3.78278288
barbell,5.365988177
barbell,3.723041524
barbell,4.694334318
barbell,1.685523611
barbell,3.395921026
barbell,11.00451492
barbell,6.057589931
barbell,3.200825582
barbell,9.444117746
barbell,3.298547218
barbell,9.166759918
barbell,5.303429472
barbell,8.607570309
barbell,9.803725444
barbell,2.827945673
barbell,3.933073499
barbell,2.155904463
barbell,3.866974137
barbell,6.94519482
barbell,3.222846595
barbell,1.89154426
barbell,12.44146777
barbell,4.542697471
barbell,1.562813967
barbell,6.664354476
barbell,6.101816009
barbell,2.318375633
barbell,3.101759059
barbell,7.533326418
barbell,4.249081592
barbell,3.746929322
barbell,6.10001274
barbell,6.487631194
barbell,2.449594413
barbell,2.687222889
barbell,5.508516801
barbell,1.407736137
barbell,8.262943038
barbell,6.411348349
barbell,3.967516089
barbell,3.209252115
barbell,7.382494987
barbell,9.358642807
barbell,6.814869437
barbell,5.223630262
barbell,7.707147029
barbell,8.495498476
barbell,9.245404618
barbell,5.736450739
barbell,8.111895496
barbell,8.561451116
barbell,4.246276501
barbell,6.243368468
barbell,5.11530505
barbell,6.137082959
barbell,4.310140253
barbell,5.12230676
barbell,9.132246952
barbell,3.281050393
barbell,4.04722705
barbell,3.307515952
barbell,5.178811903
barbell,0.708898867
barbell,6.912728466
barbell,2.028032256
barbell,3.687143307
barbell,9.388394197
barbell,5.755133991
barbell,4.000250215
barbell,10.27972661
barbell,6.919677123
barbell,6.514321437
barbell,6.951282375
barbell,4.327841159
barbell,5.015516402
barbell,1.874569006
barbell,2.306588764
barbell,6.712129139
barbell,4.017209718
barbell,3.561130978
barbell,8.001562907
barbell,11.08480133
barbell,4.957020699
barbell,1.887189607
barbell,2.019693519
barbell,7.810035777
barbell,3.385402241
barbell,8.234551267
barbell,4.972640891
barbell,10.14142693
barbell,-3.585869101
barbell,6.190713635
barbell,2.274429628
barbell,7.170033509
barbell,8.614594023
barbell,3.774247639
barbell,8.61990203
barbell,1.12846058
barbell,1.541154483
barbell,9.746908687
barbell,4.44070962
barbell,2.707645233
barbell,6.370084833
barbell,4.75156666
barbell,9.051430344
barbell,5.721268583
barbell,4.308576791
barbell,4.044663572
barbell,5.267829019
barbell,8.386999844
barbell,9.836201065
barbell,2.781925778
barbell,7.326992912
barbell,1.285943052
barbell,7.308470982
barbell,13.95794411
barbell,0.641331707
barbell,4.282248982
barbell,3.36206948
barbell,9.734967086
barbell,5.698008558
barbell,10.77145972
barbell,11.7540654
barbell,2.910597815
barbell,1.901592196
barbell,4.751311527
barbell,4.478218744
barbell,4.146506961
barbell,5.784400216
barbell,0.821954606
barbell,2.83473993
barbell,5.389602519
barbell,1.083872411
barbell,6.414042766
barbell,4.385078342
barbell,4.766003093
barbell,-0.161329849
barbell,3.086172204
barbell,4.410218892
barbell,2.788083064
barbell,1.994408851
barbell,8.386231466
barbell,5.870193108
barbell,6.417190937
barbell,1.731622887
barbell,8.858730765
barbell,7.550243196
barbell,6.650604628
barbell,6.935773406
barbell,1.952561788
barbell,2.604687302
barbell,9.621666742
barbell,3.981240511
barbell,5.286387609
barbell,4.387885186
barbell,6.175896796
barbell,7.818017819
barbell,0.894440573
barbell,7.147932506
barbell,4.925607238
barbell,4.857521436
barbell,4.569450978
barbell,1.566737236
barbell,2.114169876
barbell,4.260424888
barbell,8.178516372
barbell,8.735063384
barbell,5.406051847
barbell,6.104778071
barbell,7.817512884
barbell,5.630406098
barbell,6.145600462
barbell,4.943142155
barbell,1.410351994
barbell,1.884047228
barbell,6.215447366
barbell,6.524037173
barbell,6.166777753
barbell,6.556541213
barbell,7.742530276
barbell,2.982272069
barbell,2.331983951
barbell,5.032864723
barbell,9.108612576
barbell,7.593307711
barbell,2.558958112
barbell,7.377140878
barbell,5.520012249
barbell,6.873781449
barbell,4.651525559
barbell,3.845624411
barbell,4.595182779
barbell,2.419613508
barbell,10.55699122
barbell,3.73958816
barbell,4.278034808
barbell,7.154490305
barbell,5.940391197
barbell,4.564882635
barbell,4.396806382
barbell,1.695037644
barbell,4.891050315
barbell,3.64392418
barbell,4.560965038
barbell,7.070357833
barbell,1.080222986
barbell,7.265467651
barbell,3.476478199
barbell,5.656033694
barbell,4.791723499
barbell,7.329917534
barbell,2.963023622
barbell,-0.495828593
barbell,3.312194727
barbell,6.714402678
barbell,5.838772521
barbell,6.691224795
barbell,6.579087224
barbell,6.505579684
barbell,1.792502434
barbell,5.550863846
barbell,8.319555134
barbell,5.211415871
barbell,9.561021075
barbell,0.52503034
barbell,4.891514218
barbell,1.655128571
barbell,6.912044922
barbell,2.408773544
barbell,5.19962081
barbell,7.560267417
barbell,3.299648324
barbell,0.449721853
barbell,4.294101932
barbell,-0.631652434
barbell,3.118605765
barbell,7.019678139
barbell,6.783178887
barbell,4.480173001
barbell,7.763380367
barbell,5.079152977
barbell,4.20079443
barbell,3.652917219
barbell,0.246176938
barbell,4.277627734
barbell,9.730755882
barbell,4.309096464
barbell,4.947392951
barbell,4.302979948
barbell,4.183941625
barbell,5.718379827
barbell,6.803019321
barbell,8.096177977
barbell,6.390664602
barbell,6.903378177
barbell,2.81066642
barbell,5.444610241
barbell,1.809206161
barbell,5.094454285
barbell,3.544335787
barbell,1.654741771
barbell,6.283986445
barbell,-1.460930181
barbell,9.324600139
barbell,2.914317975
barbell,8.317274255
barbell,1.089968961
barbell,4.322510276
barbell,3.139871056
barbell,6.967870021
barbell,11.2404641
barbell,8.14363733
barbell,4.678200654
barbell,4.979048461
barbell,1.228201042
barbell,4.208046791
barbell,3.193690137
barbell,5.188205232
barbell,5.637490357
barbell,2.646081464
barbell,3.985846839
barbell,6.528308124
barbell,6.166105907
barbell,5.998558127
barbell,3.340181689
barbell,4.912135782
barbell,5.078220814
barbell,1.406165856
barbell,4.256850605
barbell,8.338132031
barbell,4.467475375
barbell,7.473426465
barbell,10.60866352
barbell,3.277589511
barbell,4.881022755
barbell,5.021506107
barbell,8.161576231
barbell,5.721217918
barbell,4.253260906
barbell,1.512998454
barbell,0.442451445
barbell,3.472455016
barbell,2.593193602
barbell,4.136518745
barbell,6.392445883
barbell,6.32997196
barbell,6.060522435
barbell,4.068315967
barbell,3.330096009
barbell,6.70256698
barbell,5.307704471
barbell,6.601505639
barbell,7.131873879
barbell,4.142684391
barbell,5.68152669
barbell,3.016012206
barbell,5.62496437
barbell,8.09880344
barbell,3.824798394
barbell,10.44322615
barbell,4.662845827
barbell,3.073933652
barbell,7.69633627
barbell,6.65060579
barbell,0.545617366
barbell,3.796038085
barbell,5.933707587
barbell,7.32225488
barbell,2.919829331
barbell,3.750892038
barbell,7.81883929
barbell,3.766328049
barbell,11.60452258
barbell,0.819116209
barbell,5.135676454
barbell,2.150419289
barbell,3.720009832
barbell,5.034735369
barbell,0.51626117
barbell,4.4671667
barbell,0.767784388
barbell,4.166740763
barbell,7.265248187
barbell,6.307938718
barbell,10.50344649
barbell,4.872457959
barbell,4.508892675
very-defensive,11.28596073
very-defensive,1.546140604
very-defensive,6.163439786
very-defensive,7.088155066
very-defensive,8.718683072
very-defensive,5.71778433
very-defensive,9.059004611
very-defensive,5.09548527
very-defensive,3.526551422
very-defensive,1.979262726
very-defensive,3.463026384
very-defensive,5.024098841
very-defensive,3.966722666
very-defensive,5.156759503
very-defensive,2.935009503
very-defensive,13.10308045
very-defensive,6.67665796
very-defensive,4.466233151
very-defensive,7.347008243
very-defensive,3.892605783
very-defensive,7.060307981
very-defensive,2.324112941
very-defensive,9.715822208
very-defensive,5.43073293
very-defensive,6.219428487
very-defensive,5.626020941
very-defensive,2.018700582
very-defensive,3.288828966
very-defensive,5.839690131
very-defensive,5.786455157
very-defensive,3.411711739
very-defensive,8.295862084
very-defensive,4.04983369
very-defensive,5.481266985
very-defensive,4.668794238
very-defensive,7.066324373
very-defensive,8.337339738
very-defensive,8.218939717
very-defensive,3.868114601
very-defensive,6.4860022
very-defensive,7.031618711
very-defensive,12.30717264
very-defensive,2.311191406
very-defensive,11.07799811
very-defensive,3.814587629
very-defensive,8.182190379
very-defensive,3.140276553
very-defensive,5.764091796
very-defensive,6.174859299
very-defensive,1.727232233
very-defensive,11.37438905
very-defensive,6.473952739
very-defensive,6.168611586
very-defensive,3.986962372
very-defensive,12.29698832
very-defensive,8.298953108
very-defensive,10.75264538
very-defensive,5.952875953
very-defensive,2.010345481
very-defensive,6.70805519
very-defensive,11.40537589
very-defensive,1.763544293
very-defensive,12.18111282
very-defensive,7.702649499
very-defensive,6.112429641
very-defensive,8.679477623
very-defensive,6.108934061
very-defensive,11.62375865
very-defensive,8.162496395
very-defensive,5.073818535
very-defensive,4.991275027
very-defensive,4.93447955
very-defensive,8.654702049
very-defensive,4.956645503
very-defensive,11.36523592
very-defensive,4.059286281
very-defensive,-0.420426741
very-defensive,4.850546546
very-defensive,6.039042589
very-defensive,7.596359478
very-defensive,5.183613954
very-defensive,3.503137533
very-defensive,3.877853445
very-defensive,5.115995992
very-defensive,5.825900582
very-defensive,8.912412416
very-defensive,12.7068162
very-defensive,5.876181336
very-defensive,9.272996602
very-defensive,3.419630842
very-defensive,3.339931424
very-defensive,7.002888265
very-defensive,4.28103572
very-defensive,2.874922537
very-defensive,6.286796254
very-defensive,2.74389198
very-defensive,4.276854946
very-defensive,5.359544867
very-defensive,8.27281044
very-defensive,7.786074393
very-defensive,6.234282493
very-defensive,6.259170112
very-defensive,7.619043982
very-defensive,9.509459775
very-defensive,1.852368561
very-defensive,6.103762853
very-defensive,12.77908949
very-defensive,3.578517647
very-defensive,3.241155309
very-defensive,7.133038637
very-defensive,1.793482983
very-defensive,6.560288864
very-defensive,0.542590206
very-defensive,5.16052352
very-defensive,2.81071162
very-defensive,14.91293319
very-defensive,9.100097485
very-defensive,4.065184865
very-defensive,8.812057586
very-defensive,4.132095465
very-defensive,4.454443314
very-defensive,7.259914486
very-defensive,4.559587137
very-defensive,3.85051282
very-defensive,6.042513034
very-defensive,4.25844096
very-defensive,5.285765867
very-defensive,9.245215955
very-defensive,5.351389602
very-defensive,7.687842208
very-defensive,7.949974743
very-defensive,8.86185382
very-defensive,9.589981596
very-defensive,5.726891626
very-defensive,7.887860957
very-defensive,9.587261033
very-defensive,3.04386561
very-defensive,7.988296074
very-defensive,6.056207403
very-defensive,8.453646313
very-defensive,7.295823532
very-defensive,6.652479403
very-defensive,4.959488749
very-defensive,6.340633299
very-defensive,10.49390043
very-defensive,-0.199107021
very-defensive,1.96790309
very-defensive,1.818260563
very-defensive,4.877882139
very-defensive,2.508918879
very-defensive,-0.467986593
very-defensive,1.475185938
very-defensive,3.943794608
very-defensive,3.62987409
very-defensive,5.317206269
very-defensive,10.64588238
very-defensive,3.819632447
very-defensive,8.093787014
very-defensive,6.307978655
very-defensive,8.193594373
very-defensive,4.20798832
very-defensive,3.057441636
very-defensive,1.150416883
very-defensive,9.19930087
very-defensive,1.898439417
very-defensive,1.844345796
very-defensive,4.569445646
very-defensive,3.166603354
very-defensive,8.564184185
very-defensive,5.21905999
very-defensive,11.84858175
very-defensive,6.280173417
very-defensive,4.495051828
very-defensive,7.285188212
very-defensive,7.495083655
very-defensive,6.084632667
very-defensive,3.655503456
very-defensive,7.825902642
very-defensive,12.17667261
very-defensive,6.36181901
very-defensive,7.443476405
very-defensive,4.529852809
very-defensive,10.79804519
very-defensive,5.464633613
very-defensive,4.548473977
very-defensive,3.44625232
very-defensive,7.246978876
very-defensive,4.019741608
very-defensive,6.771611049
very-defensive,2.05414215
very-defensive,6.771994629
very-defensive,1.656795525
very-defensive,3.636902989
very-defensive,8.702214885
very-defensive,3.093442528
very-defensive,-0.807414461
very-defensive,6.972757781
very-defensive,3.933893695
very-defensive,3.56300074
very-defensive,6.769740679
very-defensive,5.458587169
very-defensive,4.932843626
very-defensive,2.206316853
very-defensive,7.528456332
very-defensive,3.285598302
very-defensive,6.317487585
very-defensive,6.897010038
very-defensive,4.60997512
very-defensive,9.202965743
very-defensive,8.285700088
very-defensive,0.579178259
very-defensive,10.67144272
very-defensive,7.510391109
very-defensive,7.525560593
very-defensive,4.49027551
very-defensive,7.15579417
very-defensive,10.3767157
very-defensive,3.337997558
very-defensive,3.056371396
very-defensive,3.99629031
very-defensive,6.244662782
very-defensive,13.18534484
very-defensive,4.152259005
very-defensive,2.436632687
very-defensive,7.043404663
very-defensive,5.381850553
very-defensive,9.739238929
very-defensive,8.304691089
very-defensive,4.545735601
very-defensive,8.107094157
very-defensive,7.197749146
very-defensive,9.258693594
very-defensive,4.753737944
very-defensive,0.873310816
very-defensive,6.241712556
very-defensive,-0.123222109
very-defensive,4.631734807
very-defensive,6.440176259
very-defensive,4.528841028
very-defensive,4.772966774
very-defensive,5.008656178
very-defensive,11.15096356
very-defensive,10.65031067
very-defensive,2.699633138
very-defensive,2.876687532
very-defensive,5.027128621
very-defensive,10.80684622
very-defensive,4.595287001
very-defensive,6.536668382
very-defensive,4.855613477
very-defensive,6.581227235
very-defensive,4.057682984
very-defensive,9.396223174
very-defensive,9.563188755
very-defensive,7.312655497
very-defensive,7.238963069
very-defensive,5.178152911
very-defensive,11.48454011
very-defensive,8.016863189
very-defensive,8.607366556
very-defensive,8.650966215
very-defensive,7.069936554
very-defensive,4.202704807
very-defensive,5.550580833
very-defensive,6.111640052
very-defensive,5.896716848
very-defensive,6.719066182
very-defensive,0.005704851
very-defensive,7.257000087
very-defensive,6.280569078
very-defensive,3.137928513
very-defensive,3.469328855
very-defensive,1.119422368
very-defensive,8.686944317
very-defensive,4.576935511
very-defensive,9.774369604
very-defensive,4.658415399
very-defensive,4.754175462
very-defensive,6.828038225
very-defensive,4.103640361
very-defensive,5.890584447
very-defensive,11.69450041
very-defensive,8.30828706
very-defensive,6.324963771
very-defensive,9.019898734
very-defensive,7.28158621
very-defensive,6.474821001
very-defensive,13.05269141
very-defensive,10.04370325
very-defensive,6.77103591
very-defensive,1.637591
very-defensive,2.344717144
very-defensive,4.030359974
very-defensive,1.582883603
very-defensive,8.754259953
very-defensive,7.19494874
very-defensive,7.520522875
very-defensive,7.149599325
very-defensive,7.151941156
very-defensive,9.15414105
very-defensive,6.982888069
very-defensive,5.559282461
very-defensive,9.537384182
very-defensive,2.190601755
very-defensive,3.192946056
very-defensive,3.421050994
very-defensive,2.066189539
very-defensive,7.478557283
very-defensive,4.207737804
very-defensive,6.305487397
very-defensive,4.497500281
very-defensive,8.693263734
very-defensive,4.350913607
very-defensive,6.262242548
very-defensive,2.477717498
very-defensive,8.567151628
very-defensive,5.436398605
very-defensive,9.92875563
very-defensive,7.979273946
very-defensive,5.52008252
very-defensive,0.300256195
very-defensive,7.719670402
very-defensive,11.41422939
very-defensive,5.371607534
very-defensive,3.748903065
very-defensive,6.638205981
very-defensive,8.006666285
very-defensive,2.729577719
very-defensive,5.653890999
very-defensive,6.422912695
very-defensive,5.451011168
very-defensive,9.871338233
very-defensive,8.656216439
very-defensive,7.916353162
very-defensive,4.003934036
very-defensive,8.373729091
very-defensive,7.581689064
very-defensive,7.035809509
very-defensive,6.725914591
very-defensive,8.744555432
very-defensive,7.362955011
very-defensive,10.55211391
very-defensive,6.327689617
very-defensive,10.03102635
very-defensive,3.39056244
very-defensive,5.478223391
very-defensive,8.824966929
very-defensive,9.354554786
very-defensive,2.508321171
very-defensive,3.019727003
very-defensive,4.679499604
very-defensive,6.369246215
very-defensive,4.616839586
very-defensive,5.289136149
very-defensive,1.804505242
very-defensive,7.823550193
very-defensive,2.278321651
very-defensive,9.120335897
very-defensive,4.593661782
very-defensive,9.63219933
very-defensive,6.490108562
very-defensive,9.252443251
very-defensive,6.107507984
very-defensive,6.153997391
very-defensive,8.313900901
very-defensive,6.597896548
very-defensive,5.374063732
very-defensive,8.018265665
very-defensive,8.041188184
very-defensive,4.924593726
very-defensive,4.363444169
very-defensive,14.0033137
very-defensive,5.175629009
very-defensive,6.928311717
very-defensive,4.854946794
very-defensive,0.374576776
very-defensive,4.33669788
very-defensive,8.210248859
very-defensive,3.845343387
very-defensive,7.538961028
very-defensive,5.458745402
very-defensive,6.655032004
very-defensive,10.30455592
very-defensive,7.018316216
very-defensive,9.00867311
very-defensive,6.097929182
very-defensive,8.860283796
very-defensive,1.840147748
very-defensive,5.885939651
very-defensive,3.681866503
very-defensive,6.719605701
very-defensive,3.736748248
very-defensive,1.986764379
very-defensive,2.721640944
very-defensive,7.434211082
very-defensive,0.750470924
very-defensive,0.54699657
very-defensive,3.666830666
very-defensive,7.276676482
very-defensive,8.891080308
very-defensive,7.563274382
very-defensive,8.455388152
very-defensive,2.988396403
very-defensive,7.425883133
very-defensive,6.65506841
very-defensive,6.433809503
very-defensive,6.549252982
very-defensive,5.202116287
very-defensive,1.987652559
very-defensive,5.508874237
very-defensive,5.290527313
very-defensive,2.088769541
very-defensive,4.031355826
very-defensive,6.179234341
very-defensive,5.020954161
very-defensive,8.463548192
very-defensive,9.371530419
very-defensive,4.575510926
very-defensive,6.029298952
very-defensive,14.45405101
very-defensive,8.339980678
very-defensive,3.686984946
very-defensive,10.92209443
very-defensive,0.190301829
very-defensive,9.054162248
very-defensive,7.20971349
very-defensive,5.679636082
very-defensive,2.325632615
very-defensive,8.788216853
very-defensive,6.432752932
very-defensive,6.920624737
very-defensive,7.312051374
very-defensive,9.669942474
very-defensive,4.484846019
very-defensive,8.212599019
very-defensive,8.346642046
very-defensive,7.106479889
very-defensive,5.900832558
very-defensive,6.504573998
very-defensive,3.358124109
very-defensive,4.44952304
very-defensive,6.93738205
very-defensive,8.743175336
very-defensive,4.829123392
very-defensive,2.850911399
very-defensive,4.659819391
very-defensive,7.982147215
very-defensive,9.309987439
very-defensive,2.237255847
very-defensive,5.663261792
very-defensive,3.000872477
very-defensive,1.206130024
very-defensive,2.486271358
very-defensive,4.801736029
very-defensive,10.80595209
very-defensive,6.854969211
very-defensive,7.522600072
very-defensive,5.138898135
very-defensive,5.345785968
very-defensive,3.855034301
very-defensive,9.908949674
very-defensive,2.781090919
very-defensive,0.882441185
very-defensive,1.312079001
very-defensive,5.73453629
very-defensive,9.088727481
very-defensive,8.63325782
very-defensive,9.555475949
very-defensive,7.113217728
very-defensive,4.222636432
very-defensive,8.055933308
very-defensive,2.76010383
very-defensive,6.207622517
very-defensive,6.278587512
very-defensive,2.38841509
very-defensive,7.208662976
very-defensive,2.789170762
very-defensive,2.160329005
very-defensive,2.654090488
very-defensive,10.03452866
very-defensive,6.551088421
very-defensive,6.158052149
very-defensive,8.67632913
very-defensive,5.743423407
very-defensive,5.609352451
very-defensive,7.235257067
very-defensive,7.030910532
very-defensive,6.564059002
very-defensive,8.844648942
very-defensive,8.504745742
very-defensive,10.79613896
very-defensive,4.855353266
very-defensive,4.917204633
very-defensive,0.606647687
very-defensive,2.499451817
very-defensive,6.796925602
very-defensive,8.026183777
very-defensive,8.517752813
very-defensive,2.270736241
very-defensive,6.578790969
very-defensive,5.159951075
very-defensive,6.691794862
very-defensive,3.367485688
very-defensive,3.078114758
very-defensive,6.061569328
very-defensive,-0.188079587
very-defensive,7.905122009
very-defensive,9.511846477
very-defensive,1.395535474
very-defensive,4.569601225
very-defensive,4.607915417
very-defensive,8.66301844
very-defensive,0.622574466
very-defensive,4.781100405
very-defensive,8.87136179
very-defensive,8.324627209
very-defensive,1.759669942
very-defensive,2.541488906
very-defensive,8.455546341
very-defensive,5.496653655
very-defensive,5.277527969
very-defensive,9.003504518
very-defensive,9.291968258
very-defensive,10.62804216
very-defensive,3.48349227
very-defensive,0.566302705
very-defensive,6.45381734
very-defensive,8.534430073
very-defensive,6.995269635
very-defensive,-3.652022707
very-defensive,2.829120898
very-defensive,4.829477645
very-defensive,7.417415763
very-defensive,4.350041692
very-defensive,4.521625635
very-defensive,1.468845669
very-defensive,8.541099581
very-defensive,5.419442772
very-defensive,8.921129413
very-defensive,8.348664017
very-defensive,4.40231427
very-defensive,5.430457749
very-defensive,-0.333108515
defensive,9.071140419
defensive,7.11434901
defensive,8.374985634
defensive,9.472337383
defensive,13.5331331
defensive,12.28969074
defensive,0.102351427
defensive,16.12456454
defensive,15.44568183
defensive,16.20015968
defensive,2.649173712
defensive,3.361639831
defensive,14.25588851
defensive,15.62038
defensive,5.433452243
defensive,11.10133417
defensive,6.415983743
defensive,9.029313037
defensive,14.39938889
defensive,15.16554721
defensive,6.887112173
defensive,10.89461451
defensive,9.360835105
defensive,12.60641532
defensive,8.722003231
defensive,1.953285487
defensive,8.634151642
defensive,7.219333074
defensive,7.084876413
defensive,1.92294677
defensive,8.303618609
defensive,4.510881292
defensive,5.692721313
defensive,4.674786306
defensive,3.504479608
defensive,8.251744228
defensive,9.211233029
defensive,19.44520833
defensive,10.52136824
defensive,9.351926954
defensive,0.65348987
defensive,5.811190064
defensive,3.549690927
defensive,1.069883631
defensive,7.912531894
defensive,8.258399521
defensive,8.926891583
defensive,7.670856716
defensive,10.3589738
defensive,9.247989327
defensive,13.72192431
defensive,12.6957233
defensive,2.532227322
defensive,11.15417034
defensive,4.04068686
defensive,14.95446996
defensive,8.789125015
defensive,9.384024668
defensive,9.370827753
defensive,6.278155319
defensive,10.99018135
defensive,4.368283585
defensive,7.523686085
defensive,3.261929351
defensive,9.625888379
defensive,5.639693427
defensive,8.824294389
defensive,10.71129509
defensive,9.335429366
defensive,3.746678167
defensive,1.763180103
defensive,1.506962874
defensive,9.090886408
defensive,10.28434533
defensive,10.39971202
defensive,3.133773844
defensive,2.877277773
defensive,6.251032631
defensive,6.979606202
defensive,12.02805569
defensive,11.77305008
defensive,5.557039232
defensive,10.37889295
defensive,4.745287584
defensive,8.594047913
defensive,5.867715253
defensive,15.41325988
defensive,4.127381973
defensive,14.60621854
defensive,6.032127356
defensive,6.071165775
defensive,6.621696454
defensive,8.369564782
defensive,5.189323487
defensive,5.855662789
defensive,3.431582346
defensive,6.523165639
defensive,5.547457723
defensive,10.70007558
defensive,1.527666914
defensive,9.616423005
defensive,7.085351296
defensive,2.65276265
defensive,7.360977108
defensive,11.44954115
defensive,9.509041731
defensive,3.122958594
defensive,11.82486973
defensive,10.03885437
defensive,2.409290717
defensive,6.546607903
defensive,11.42241651
defensive,4.42461013
defensive,9.439452067
defensive,10.90332868
defensive,11.07600386
defensive,5.964516804
defensive,4.097003155
defensive,5.840835791
defensive,4.534043483
defensive,15.44035523
defensive,10.2199874
defensive,6.251687071
defensive,6.867710435
defensive,10.91594643
defensive,4.937882781
defensive,10.25730322
defensive,7.680252804
defensive,5.034227378
defensive,13.56157608
defensive,9.094182376
defensive,5.642229774
defensive,8.363453134
defensive,8.442164909
defensive,5.166716712
defensive,5.320242079
defensive,-1.774753652
defensive,15.9048658
defensive,8.577483173
defensive,8.856063985
defensive,7.963637025
defensive,9.500905062
defensive,6.837320655
defensive,8.041785459
defensive,5.361077995
defensive,14.0375927
defensive,10.74509339
defensive,6.614277259
defensive,9.129205189
defensive,0.810599345
defensive,7.997979937
defensive,10.85824243
defensive,10.6172743
defensive,6.725413687
defensive,4.063785602
defensive,10.36580338
defensive,3.443978345
defensive,1.078607127
defensive,3.625230192
defensive,7.796121865
defensive,6.492831213
defensive,9.341617999
defensive,7.956057833
defensive,13.13646915
defensive,2.764752792
defensive,6.913429029
defensive,7.569545152
defensive,10.98937423
defensive,13.33527438
defensive,4.237600567
defensive,9.935631485
defensive,9.42768296
defensive,7.290363801
defensive,5.548895562
defensive,2.671707454
defensive,7.249238917
defensive,10.44887229
defensive,7.322775343
defensive,9.555362382
defensive,9.599746074
defensive,12.20690747
defensive,8.217937849
defensive,6.86160407
defensive,9.671410079
defensive,15.05940554
defensive,9.218393852
defensive,9.194728553
defensive,6.508082705
defensive,5.912436277
defensive,12.86070782
defensive,7.190766328
defensive,1.706364793
defensive,8.67965809
defensive,4.222952642
defensive,7.954375164
defensive,10.51597713
defensive,0.550642762
defensive,14.82686827
defensive,-0.241198527
defensive,6.347440182
defensive,8.901733542
defensive,8.958734917
defensive,10.01031818
defensive,7.733041808
defensive,10.43305725
defensive,4.2870768
defensive,10.03730877
defensive,5.069737964
defensive,7.509094434
defensive,9.893152851
defensive,4.415823777
defensive,8.228538568
defensive,11.17132218
defensive,11.23312816
defensive,3.036413418
defensive,6.023119016
defensive,3.948539257
defensive,3.303359244
defensive,8.825461455
defensive,6.676250337
defensive,10.04158291
defensive,6.659007229
defensive,15.5640815
defensive,11.26780723
defensive,7.129686338
defensive,6.434431688
defensive,7.497661159
defensive,5.6785743
defensive,10.59993298
defensive,11.92877864
defensive,4.878629894
defensive,8.428457906
defensive,9.716694796
defensive,7.75635468
defensive,4.871232654
defensive,3.312671461
defensive,5.677048293
defensive,2.274810682
defensive,1.441020546
defensive,2.464690433
defensive,4.090152472
defensive,7.744849808
defensive,13.49688071
defensive,8.03103498
defensive,6.515876135
defensive,6.23906044
defensive,8.439852453
defensive,7.579793396
defensive,0.394675044
defensive,2.646263408
defensive,9.036947999
defensive,7.036861126
defensive,3.97848564
defensive,12.28015796
defensive,12.86273054
defensive,8.869680961
defensive,4.124165667
defensive,7.393055659
defensive,4.223050309
defensive,7.528364211
defensive,16.40514702
defensive,9.805494404
defensive,-0.817133094
defensive,10.56096394
defensive,4.253970157
defensive,9.677133886
defensive,7.236846764
defensive,9.949724284
defensive,6.955230353
defensive,7.390426921
defensive,8.900227475
defensive,6.349720822
defensive,7.282614875
defensive,5.540496643
defensive,4.466715458
defensive,2.789493998
defensive,9.061759893
defensive,3.237902208
defensive,8.212424904
defensive,10.84614893
defensive,11.28137506
defensive,16.91899818
defensive,6.001944924
defensive,4.265254739
defensive,6.217829493
defensive,5.890593281
defensive,14.15476973
defensive,8.4029054
defensive,5.710425029
defensive,12.44939782
defensive,12.89856307
defensive,14.97001073
defensive,6.197936304
defensive,2.960134222
defensive,8.749629953
defensive,7.934331383
defensive,-0.209996061
defensive,9.991410143
defensive,7.406931548
defensive,5.200369819
defensive,5.183210775
defensive,9.136263767
defensive,12.34230976
defensive,7.985362029
defensive,5.61752081
defensive,13.60631757
defensive,9.71909608
defensive,8.211967057
defensive,11.37343396
defensive,16.48193688
defensive,9.641811693
defensive,4.916957369
defensive,10.69717784
defensive,3.644801482
defensive,10.09152858
defensive,1.395264443
defensive,11.46694626
defensive,8.866242675
defensive,4.231037726
defensive,12.37355989
defensive,7.014962454
defensive,6.33308189
defensive,6.449990757
defensive,6.527994295
defensive,8.619701535
defensive,10.10300994
defensive,12.24403714
defensive,3.503610735
defensive,6.392326988
defensive,7.60081088
defensive,3.731953088
defensive,9.491311182
defensive,6.537307297
defensive,6.308052521
defensive,11.31461592
defensive,7.092794542
defensive,19.782661
defensive,-2.867124444
defensive,4.572680365
defensive,13.65099964
defensive,6.132370523
defensive,11.89369896
defensive,8.240000625
defensive,1.204821983
defensive,13.31055608
defensive,6.35099807
defensive,13.18295812
defensive,4.165183015
defensive,8.507198821
defensive,9.307941737
defensive,6.937073542
defensive,6.635406486
defensive,10.23305924
defensive,3.00000457
defensive,10.19114176
defensive,11.71020127
defensive,7.857495211
defensive,13.90942432
defensive,3.948961689
defensive,11.17496619
defensive,7.548246189
defensive,6.064460541
defensive,13.33366848
defensive,10.0989685
defensive,5.04449633
defensive,9.331714556
defensive,4.433255466
defensive,7.500319212
defensive,13.30962289
defensive,10.2452919
defensive,3.074226279
defensive,10.25371541
defensive,-1.128973733
defensive,14.89719621
defensive,8.888620807
defensive,5.321474791
defensive,10.26121492
defensive,4.590429035
defensive,13.3334049
defensive,7.851723149
defensive,2.325600837
defensive,7.490754186
defensive,9.893454398
defensive,8.46964628
defensive,10.79518471
defensive,9.750009076
defensive,3.54858253
defensive,11.84074663
defensive,13.07903766
defensive,7.672684739
defensive,11.72276737
defensive,2.847301884
defensive,9.484004721
defensive,7.239424677
defensive,6.169412469
defensive,2.011349806
defensive,1.347744695
defensive,3.578492942
defensive,6.392541033
defensive,4.82337153
defensive,5.238687083
defensive,1.805650047
defensive,6.419530781
defensive,10.92913914
defensive,10.16241529
defensive,0.20734814
defensive,3.974389032
defensive,7.413542544
defensive,8.805563324
defensive,8.135784571
defensive,3.184461924
defensive,5.500606051
defensive,3.863739212
defensive,8.61367551
defensive,8.893095573
defensive,7.687485532
defensive,11.68861383
defensive,0.982751553
defensive,11.98824975
defensive,11.52710009
defensive,12.80314535
defensive,16.63155254
defensive,7.329640849
defensive,9.703257812
defensive,5.118916033
defensive,14.56581508
defensive,8.868972928
defensive,6.041533787
defensive,2.614895283
defensive,10.42649903
defensive,1.737991996
defensive,6.391581266
defensive,7.388650978
defensive,4.01730399
defensive,11.06084858
defensive,3.458165934
defensive,3.440568195
defensive,3.579666395
defensive,10.33037103
defensive,10.15814187
defensive,8.68522414
defensive,6.020636075
defensive,1.038125189
defensive,11.10165426
defensive,11.11688182
defensive,5.006023799
defensive,10.75687974
defensive,11.06578491
defensive,3.981721078
defensive,14.55050456
defensive,10.66743591
defensive,13.57995842
defensive,7.214714173
defensive,12.73169338
defensive,7.428211767
defensive,10.50590764
defensive,8.159211597
defensive,3.772722765
defensive,10.03620313
defensive,15.70576335
defensive,3.346958619
defensive,5.138140798
defensive,4.600944691
defensive,9.323010543
defensive,13.39788732
defensive,4.196751767
defensive,3.954017755
defensive,6.756251107
defensive,3.010662093
defensive,4.896437268
defensive,11.13121096
defensive,9.879554345
defensive,1.610504206
defensive,6.363254787
defensive,3.712357113
defensive,6.415515985
defensive,-0.337180912
defensive,5.520676199
defensive,6.534395498
defensive,4.527929038
defensive,7.23469564
defensive,5.317370647
defensive,10.6446938
defensive,8.902406723
defensive,10.12313487
defensive,4.802528749
defensive,13.01305068
defensive,11.99523362
defensive,3.72512286
defensive,8.844130472
defensive,6.285956781
defensive,7.833627756
defensive,8.7061041
defensive,1.654186728
defensive,9.313840103
defensive,6.893352461
defensive,4.975894844
defensive,6.565924805
defensive,11.06442927
defensive,3.553450686
defensive,3.694703304
defensive,5.507815723
defensive,6.144631688
defensive,5.94972806
defensive,9.77623105
defensive,5.167994698
defensive,2.878628197
defensive,5.600303255
defensive,5.604222412
defensive,6.707378133
defensive,3.500888359
defensive,5.558583695
defensive,4.463469361
defensive,-1.830417401
defensive,11.41837886
defensive,12.58578415
defensive,8.054922862
defensive,7.608126181
defensive,12.11828923
defensive,7.20035773
defensive,13.79826261
defensive,7.312418425
defensive,12.4534493
defensive,13.32426208
defensive,8.94357646
defensive,7.236222025
defensive,7.713057318
defensive,6.298448209
defensive,10.79574855
defensive,11.29923411
defensive,9.15597651
defensive,13.01757857
defensive,7.497055784
defensive,12.82524765
defensive,10.63019548
defensive,7.799612145
defensive,1.720585468
defensive,11.85526693
defensive,7.797606425
defensive,11.45056738
defensive,3.216621627
defensive,2.601012189
defensive,2.391738192
balance,2.626434406
balance,15.77708487
balance,9.401776407
balance,14.30316304
balance,13.86495611
balance,3.474175676
balance,15.22973374
balance,16.07745713
balance,17.84242523
balance,5.335367447
balance,2.624143671
balance,10.97308621
balance,2.830702494
balance,10.28425092
balance,3.136003535
balance,3.291440785
balance,11.78653498
balance,5.914306538
balance,14.33204026
balance,-0.815633692
balance,11.54008009
balance,14.31007706
balance,-1.481943396
balance,11.1527901
balance,13.04808963
balance,9.167031655
balance,10.09129226
balance,21.11862458
balance,9.040360493
balance,7.985641818
balance,12.86130368
balance,3.128725408
balance,19.37350402
balance,21.1871734
balance,15.62429846
balance,3.109674312
balance,5.387321006
balance,7.025470638
balance,8.906929858
balance,12.72682873
balance,13.70726028
balance,8.721986336
balance,9.954339638
balance,11.36706122
balance,7.620439371
balance,6.902220098
balance,11.2841574
balance,14.12909953
balance,9.372929182
balance,6.574364135
balance,7.383094596
balance,11.49005577
balance,15.90377723
balance,10.20434153
balance,10.6979742
balance,13.38911627
balance,11.48010123
balance,8.164920685
balance,-0.564222768
balance,14.83425622
balance,13.34336047
balance,11.22088956
balance,16.66543229
balance,5.640807411
balance,11.28159519
balance,1.093058738
balance,8.052320532
balance,8.836444916
balance,8.104782821
balance,12.43672309
balance,12.4425396
balance,9.673945202
balance,3.308580768
balance,13.45141333
balance,11.04224946
balance,9.738667666
balance,17.54735419
balance,4.276593535
balance,2.81254442
balance,17.68611642
balance,3.143423362
balance,-3.174265754
balance,13.34420761
balance,12.96708464
balance,11.01558811
balance,13.38802055
balance,11.40564248
balance,10.91331238
balance,4.889747577
balance,9.698712039
balance,8.527884145
balance,8.545041736
balance,5.130247985
balance,13.65926896
balance,18.86623792
balance,13.13338708
balance,12.95091827
balance,14.40387251
balance,3.884845656
balance,8.497228822
balance,16.68953114
balance,14.63700671
balance,6.424440018
balance,4.780646542
balance,1.844813634
balance,8.86852402
balance,7.06780642
balance,20.37593245
balance,8.580044305
balance,17.3470201
balance,6.532091978
balance,15.77908772
balance,11.10994728
balance,12.95610457
balance,20.06329449
balance,15.74076817
balance,12.51864808
balance,12.84566872
balance,13.61719856
balance,14.45785117
balance,21.74537818
balance,10.03437171
balance,9.88244115
balance,14.32122162
balance,6.738217979
balance,14.2929002
balance,5.361957078
balance,15.12994514
balance,10.36486964
balance,10.39722006
balance,6.707678517
balance,10.60461454
balance,8.529962627
balance,4.286246442
balance,5.221039208
balance,2.853606642
balance,13.73661256
balance,3.318827669
balance,7.862087671
balance,10.23369536
balance,13.24312003
balance,11.08314308
balance,13.64145707
balance,7.697948324
balance,2.714049627
balance,12.43117713
balance,13.11514637
balance,10.57451265
balance,7.123132848
balance,9.093262119
balance,14.80345862
balance,11.35220767
balance,7.617120526
balance,10.89195284
balance,5.180298604
balance,14.21833137
balance,8.253338494
balance,13.93713906
balance,2.185499589
balance,17.17382867
balance,8.066917374
balance,18.52179697
balance,13.70755243
balance,20.72882861
balance,8.657498872
balance,6.648363738
balance,7.372940214
balance,3.874844715
balance,8.601978902
balance,10.17110842
balance,8.588867239
balance,16.03983927
balance,19.94923021
balance,16.39615274
balance,2.531577915
balance,7.632012045
balance,9.380689311
balance,14.41000781
balance,11.53681557
balance,12.61119797
balance,5.798168307
balance,5.866292484
balance,11.51063909
balance,16.58013327
balance,1.175504417
balance,15.18761718
balance,10.1391429
balance,2.775183678
balance,15.74506536
balance,8.664367246
balance,10.91973575
balance,14.23484375
balance,17.85067364
balance,3.501198668
balance,6.15424414
balance,15.52790121
balance,8.374916042
balance,7.44028545
balance,10.93467831
balance,9.208582072
balance,8.296412635
balance,9.782835132
balance,15.1278694
balance,2.108074328
balance,15.14341295
balance,14.21264272
balance,-3.227714107
balance,3.068817913
balance,2.549392806
balance,8.790426774
balance,8.005587903
balance,4.2786316
balance,7.91580933
balance,13.87942789
balance,19.82032449
balance,9.49350791
balance,17.2298876
balance,5.364715344
balance,19.15550519
balance,8.289752644
balance,8.347784297
balance,9.264746791
balance,11.95035739
balance,2.223305347
balance,12.45461321
balance,9.840187784
balance,11.20992768
balance,12.38373373
balance,18.56767084
balance,17.97089407
balance,8.294464708
balance,16.49295503
balance,20.68472425
balance,7.279171598
balance,0.943874252
balance,5.524414104
balance,12.34198785
balance,8.075209258
balance,13.54399021
balance,9.170480583
balance,17.32805691
balance,9.475705566
balance,10.30951734
balance,9.378201582
balance,9.574768203
balance,9.818605841
balance,12.14323357
balance,4.590686541
balance,11.50910237
balance,5.84129179
balance,14.05789445
balance,6.432754207
balance,5.015281393
balance,7.745783999
balance,4.199854266
balance,8.548557138
balance,10.76523778
balance,12.52068252
balance,10.86456158
balance,12.64447123
balance,10.37026862
balance,8.040501917
balance,22.97077916
balance,4.678839212
balance,10.53028581
balance,17.16341327
balance,24.496156
balance,23.8490513
balance,-6.560226827
balance,7.840717265
balance,11.15118569
balance,14.84273773
balance,18.17506941
balance,5.388968686
balance,6.908691918
balance,6.804388218
balance,16.08837943
balance,8.273817743
balance,16.26255379
balance,10.25250971
balance,5.939180437
balance,-0.405221193
balance,6.918356871
balance,11.95522247
balance,11.14460676
balance,10.19772104
balance,14.7726488
balance,13.48768855
balance,7.448891057
balance,21.70733181
balance,6.090644302
balance,2.629958727
balance,10.55552678
balance,-6.178618438
balance,14.60293875
balance,6.960052283
balance,7.87815773
balance,18.90991652
balance,6.399399856
balance,1.216871958
balance,12.74695659
balance,12.72040476
balance,17.27226193
balance,7.435939847
balance,6.206779491
balance,15.626347
balance,11.52623858
balance,15.03407552
balance,11.63932038
balance,15.98277287
balance,2.013803987
balance,9.172043139
balance,15.27028223
balance,14.66434597
balance,17.35158815
balance,15.29619438
balance,2.267781715
balance,10.24420703
balance,16.52323737
balance,7.342638629
balance,9.491051057
balance,-0.9659784
balance,4.406649205
balance,12.40074964
balance,7.047578963
balance,14.10044144
balance,11.68417971
balance,12.49962456
balance,10.48911467
balance,10.18596345
balance,12.48426482
balance,9.77995575
balance,16.74339019
balance,14.19335505
balance,3.053114175
balance,15.23335857
balance,8.161534627
balance,8.653392156
balance,1.436825633
balance,13.07556501
balance,5.437200969
balance,12.90872679
balance,13.37060019
balance,20.25716403
balance,8.509576862
balance,11.60712172
balance,-2.234230084
balance,5.170493566
balance,16.74715377
balance,6.467044601
balance,10.98155692
balance,12.37780546
balance,11.76945835
balance,7.083457683
balance,12.28549975
balance,6.162787913
balance,13.36792359
balance,13.65023654
balance,10.15628783
balance,3.956103882
balance,6.376372625
balance,10.52355106
balance,17.50756181
balance,11.39620744
balance,6.990219009
balance,13.63177964
balance,4.607609236
balance,17.24493064
balance,6.186261016
balance,16.82014661
balance,9.256427303
balance,11.39795577
balance,16.42979474
balance,15.15087635
balance,15.14602548
balance,-0.227343302
balance,13.0797087
balance,5.245214587
balance,4.300293076
balance,7.691259355
balance,17.30849001
balance,9.129764248
balance,19.11429377
balance,19.9105327
balance,9.934132281
balance,13.22016829
balance,18.2891078
balance,15.39018314
balance,17.45626804
balance,5.158129635
balance,10.18211458
balance,5.263721
balance,11.01015192
balance,12.58784505
balance,6.463561636
balance,22.33674736
balance,8.927407409
balance,11.95735831
balance,8.383523695
balance,5.834917573
balance,8.337613473
balance,5.189256405
balance,11.07989259
balance,2.731333414
balance,16.32651886
balance,7.127660269
balance,15.39387762
balance,11.80653968
balance,6.450143718
balance,13.6687234
balance,4.914288837
balance,11.04442696
balance,3.726619227
balance,25.71263882
balance,7.095895692
balance,23.05148934
balance,5.738530658
balance,11.77162475
balance,15.26069421
balance,-0.609144667
balance,8.02568245
balance,5.182279386
balance,7.020191077
balance,21.9801305
balance,18.4652
balance,18.74201503
balance,7.690477572
balance,13.17414179
balance,7.800560914
balance,6.49187269
balance,8.807718294
balance,16.89554637
balance,8.546355282
balance,9.605367469
balance,9.035194833
balance,6.281034272
balance,8.403755667
balance,9.319378534
balance,10.19761259
balance,12.79106597
balance,13.33880028
balance,12.21718062
balance,12.12486959
balance,7.041286989
balance,11.64062312
balance,3.07686499
balance,21.44728449
balance,10.87228698
balance,19.46838013
balance,-0.825580852
balance,4.61001854
balance,20.70459792
balance,2.989623416
balance,16.12258269
balance,11.08645773
balance,1.224884966
balance,15.02444981
balance,4.364710173
balance,13.00724632
balance,13.57707369
balance,6.921985238
balance,11.7104691
balance,11.57502389
balance,1.202817839
balance,17.02267742
balance,1.242652105
balance,14.83634289
balance,7.962783017
balance,20.78553651
balance,10.42734497
balance,10.91895931
balance,5.386265735
balance,6.10772915
balance,9.048440371
balance,9.504915175
balance,13.12008604
balance,-0.97469316
balance,4.853033012
balance,12.90674308
balance,1.82237424
balance,0.974152508
balance,18.31982011
balance,8.122866161
balance,3.725159379
balance,6.197897823
balance,2.341646616
balance,12.69522575
balance,15.85559596
balance,1.927969678
balance,7.399192754
balance,10.16813995
balance,8.073925111
balance,-1.045556427
balance,12.96961092
balance,2.498208177
balance,7.148805541
balance,3.885050486
balance,-1.945080814
balance,10.90630463
balance,8.607578658
balance,9.097000897
balance,20.57872514
balance,14.62222016
balance,10.77162058
balance,14.62496282
balance,0.712988221
balance,10.26296735
balance,17.58944882
balance,14.10018942
balance,10.55071418
balance,1.534034543
balance,17.86809117
balance,11.77484427
balance,0.63913138
balance,5.620260379
balance,3.379213417
balance,10.94121249
balance,8.714694626
balance,21.29458124
balance,2.881640436
balance,14.5300145
balance,4.560492493
balance,12.33105086
balance,9.769532069
balance,15.64614231
balance,5.775096903
balance,16.5512167
balance,10.01374558
balance,3.415167052
balance,13.2753915
balance,6.381336795
balance,13.59408835
balance,13.4567029
balance,10.17896994
balance,13.66286263
balance,16.06218094
balance,19.73189307
balance,11.92269891
balance,7.601603793
balance,9.579146604
balance,15.29659723
balance,6.168640883
balance,15.77144183
aggressive,6.004587984
aggressive,2.712110463
aggressive,19.75242426
aggressive,23.61171262
aggressive,10.33146339
aggressive,13.29949469
aggressive,15.39894541
aggressive,16.16131517
aggressive,9.895969741
aggressive,20.91174836
aggressive,7.616155127
aggressive,14.56684174
aggressive,4.012924212
aggressive,15.9313885
aggressive,13.43607161
aggressive,6.773185611
aggressive,17.94794815
aggressive,13.36114217
aggressive,11.81707888
aggressive,25.20338393
aggressive,28.14900115
aggressive,10.05638215
aggressive,11.2295569
aggressive,9.829327385
aggressive,16.8021077
aggressive,14.41342575
aggressive,10.80253657
aggressive,20.40490699
aggressive,10.09874321
aggressive,2.682184071
aggressive,13.6785437
aggressive,26.99587566
aggressive,24.16046466
aggressive,13.77677436
aggressive,15.88642697
aggressive,9.373555013
aggressive,3.555748466
aggressive,4.47238307
aggressive,24.07095137
aggressive,7.333759082
aggressive,14.83624421
aggressive,6.372600735
aggressive,17.08206927
aggressive,15.20604967
aggressive,6.790151898
aggressive,29.95437024
aggressive,20.20402723
aggressive,6.755981798
aggressive,34.76542365
aggressive,20.85875644
aggressive,26.67877182
aggressive,31.12261464
aggressive,29.19465279
aggressive,4.794270508
aggressive,17.65023209
aggressive,15.00448717
aggressive,9.592624071
aggressive,28.03194522
aggressive,19.1526436
aggressive,17.79113846
aggressive,15.02179446
aggressive,33.52285906
aggressive,22.05527072
aggressive,9.924963052
aggressive,19.68676639
aggressive,18.5290734
aggressive,7.172194562
aggressive,3.550852195
aggressive,13.73428006
aggressive,9.587577768
aggressive,5.213249801
aggressive,27.80950411
aggressive,20.12308442
aggressive,11.12499105
aggressive,14.43204042
aggressive,18.71425228
aggressive,26.65951055
aggressive,23.82369415
aggressive,14.17044499
aggressive,4.917378835
aggressive,19.80721829
aggressive,15.7850591
aggressive,24.50986849
aggressive,22.11526752
aggressive,21.94442484
aggressive,30.7155977
aggressive,23.41673369
aggressive,25.03191539
aggressive,21.60331488
aggressive,29.43140874
aggressive,22.54846882
aggressive,13.02980239
aggressive,28.09726277
aggressive,13.93940378
aggressive,16.19647411
aggressive,5.738973679
aggressive,15.56830815
aggressive,32.23506307
aggressive,16.22323725
aggressive,3.248298008
aggressive,18.00464114
aggressive,3.086199317
aggressive,8.012038419
aggressive,13.44557137
aggressive,24.12682887
aggressive,18.11314994
aggressive,14.26464401
aggressive,19.90804709
aggressive,11.92884386
aggressive,30.39305223
aggressive,14.97763121
aggressive,24.49663635
aggressive,29.15185176
aggressive,28.63025074
aggressive,-11.06018487
aggressive,9.057766878
aggressive,11.66683439
aggressive,17.47939832
aggressive,10.35353871
aggressive,5.622975918
aggressive,24.38772323
aggressive,14.65526906
aggressive,8.936567878
aggressive,15.89901327
aggressive,11.40160826
aggressive,8.672654151
aggressive,14.1635754
aggressive,22.06972131
aggressive,10.73650039
aggressive,-4.786844119
aggressive,19.21781671
aggressive,16.69037532
aggressive,13.3612615
aggressive,13.62925345
aggressive,13.97765095
aggressive,14.60108585
aggressive,6.133362055
aggressive,17.42433769
aggressive,19.988432
aggressive,29.72098836
aggressive,17.38561985
aggressive,7.697547487
aggressive,28.71685718
aggressive,19.085286
aggressive,9.228973688
aggressive,12.87811059
aggressive,4.997315116
aggressive,30.44818772
aggressive,19.01311941
aggressive,13.16503559
aggressive,1.319639815
aggressive,16.93388649
aggressive,15.3649242
aggressive,6.517791809
aggressive,12.96631087
aggressive,21.57059924
aggressive,23.92915936
aggressive,21.58049766
aggressive,22.67886246
aggressive,22.10930984
aggressive,29.76446486
aggressive,20.04509439
aggressive,-3.068272836
aggressive,14.83784873
aggressive,1.557677483
aggressive,15.48390881
aggressive,16.78787413
aggressive,12.7094294
aggressive,4.223699658
aggressive,18.05686244
aggressive,3.301020214
aggressive,22.95014852
aggressive,12.45090861
aggressive,17.84336338
aggressive,20.46229119
aggressive,16.54139725
aggressive,18.49142247
aggressive,20.08194086
aggressive,16.76903796
aggressive,18.53518798
aggressive,23.41858213
aggressive,18.97179251
aggressive,17.16899951
aggressive,21.6107457
aggressive,18.86437559
aggressive,16.26241035
aggressive,16.80826678
aggressive,25.31588813
aggressive,18.51405614
aggressive,12.30180511
aggressive,16.89156292
aggressive,31.77544601
aggressive,23.69492684
aggressive,12.57153298
aggressive,10.58609816
aggressive,18.27305943
aggressive,2.703114196
aggressive,25.16906986
aggressive,12.99015474
aggressive,24.25229645
aggressive,13.47752661
aggressive,8.459635439
aggressive,14.72445208
aggressive,16.66155511
aggressive,12.56016397
aggressive,9.984397006
aggressive,22.84635139
aggressive,11.92392837
aggressive,17.64127275
aggressive,17.18485923
aggressive,17.29966274
aggressive,26.3332963
aggressive,14.2364772
aggressive,8.279662157
aggressive,17.24950848
aggressive,31.28391203
aggressive,16.00675601
aggressive,9.184455021
aggressive,23.14167376
aggressive,8.996671801
aggressive,13.05145616
aggressive,19.5053552
aggressive,14.03003209
aggressive,14.3535771
aggressive,10.29545836
aggressive,11.17358346
aggressive,26.5788576
aggressive,7.58924425
aggressive,14.36291766
aggressive,14.11945143
aggressive,-2.799809672
aggressive,4.265221414
aggressive,8.629226185
aggressive,1.513028692
aggressive,14.85548287
aggressive,-2.74745319
aggressive,9.301282162
aggressive,6.809126891
aggressive,6.6083487
aggressive,25.2905217
aggressive,16.23479373
aggressive,23.46236416
aggressive,26.65471515
aggressive,15.19054916
aggressive,8.688357996
aggressive,23.50372972
aggressive,13.74087701
aggressive,13.63079737
aggressive,15.36535723
aggressive,20.03650371
aggressive,27.02395819
aggressive,18.13857532
aggressive,18.04590332
aggressive,16.35337005
aggressive,21.18664535
aggressive,29.54088004
aggressive,19.36707906
aggressive,19.84818651
aggressive,15.11085086
aggressive,20.96892613
aggressive,12.37049633
aggressive,14.3037615
aggressive,14.97832397
aggressive,18.84876038
aggressive,13.05378301
aggressive,16.24916463
aggressive,0.627558127
aggressive,21.93476467
aggressive,11.63758021
aggressive,7.337413688
aggressive,22.67338916
aggressive,20.21205962
aggressive,1.319394877
aggressive,3.084070996
aggressive,8.687133689
aggressive,25.6276167
aggressive,20.4612131
aggressive,6.902906252
aggressive,18.71040469
aggressive,14.56113664
aggressive,17.50567378
aggressive,36.64594832
aggressive,26.64535877
aggressive,18.48498414
aggressive,5.428552766
aggressive,28.18838453
aggressive,12.38786766
aggressive,24.37275128
aggressive,4.213797906
aggressive,11.81396924
aggressive,12.993421
aggressive,16.21758599
aggressive,16.54369535
aggressive,13.07867842
aggressive,22.98765053
aggressive,26.8871973
aggressive,24.78072699
aggressive,20.57592104
aggressive,26.26295651
aggressive,12.41637764
aggressive,2.608577974
aggressive,22.46222815
aggressive,17.35971255
aggressive,9.990579108
aggressive,25.8377741
aggressive,14.9063675
aggressive,26.90823747
aggressive,-0.802075441
aggressive,3.537479787
aggressive,23.54906702
aggressive,8.968555706
aggressive,25.62636508
aggressive,7.035622207
aggressive,20.14501271
aggressive,9.951177863
aggressive,3.216539838
aggressive,6.36061391
aggressive,10.23330466
aggressive,17.3950721
aggressive,20.80796291
aggressive,19.88536149
aggressive,16.09765232
aggressive,23.96789642
aggressive,6.21141071
aggressive,18.1075463
aggressive,16.54185174
aggressive,23.12855884
aggressive,13.96059035
aggressive,30.53738129
aggressive,3.748347429
aggressive,3.518856237
aggressive,28.12700597
aggressive,3.585621399
aggressive,6.636135399
aggressive,22.49874157
aggressive,24.08787719
aggressive,5.41843215
aggressive,17.09086464
aggressive,18.94325391
aggressive,9.158356304
aggressive,17.16805186
aggressive,16.29973842
aggressive,11.4129891
aggressive,17.02037714
aggressive,10.09167963
aggressive,12.1547008
aggressive,22.93314465
aggressive,15.69397145
aggressive,14.38483012
aggressive,27.72800739
aggressive,16.73818364
aggressive,16.27388443
aggressive,22.93426407
aggressive,18.0385813
aggressive,22.67163743
aggressive,17.01140223
aggressive,24.98453538
aggressive,12.71814411
aggressive,14.40308477
aggressive,13.81333507
aggressive,10.39179909
aggressive,22.54544775
aggressive,21.48170891
aggressive,21.29661315
aggressive,20.16834524
aggressive,26.48257601
aggressive,12.96160493
aggressive,14.74950172
aggressive,20.32412586
aggressive,15.55420344
aggressive,12.81176342
aggressive,-7.409734229
aggressive,37.67957057
aggressive,13.00863344
aggressive,13.2246585
aggressive,14.28492761
aggressive,13.58600235
aggressive,12.84879129
aggressive,5.502420436
aggressive,6.491676328
aggressive,12.83037404
aggressive,10.6779125
aggressive,26.07911686
aggressive,19.16372782
aggressive,27.89047112
aggressive,28.61422714
aggressive,13.54603543
aggressive,16.09440136
aggressive,8.247857042
aggressive,5.026047465
aggressive,19.38400474
aggressive,18.29006046
aggressive,10.22604624
aggressive,14.49207206
aggressive,13.68366656
aggressive,38.41930389
aggressive,12.12604188
aggressive,33.77042728
aggressive,21.22010844
aggressive,17.5269148
aggressive,29.22199775
aggressive,14.65253119
aggressive,6.690834047
aggressive,28.94066092
aggressive,15.63542693
aggressive,32.52286986
aggressive,11.89294576
aggressive,24.86044034
aggressive,0.654129778
aggressive,24.29898831
aggressive,24.86975529
aggressive,8.000058316
aggressive,-7.039708496
aggressive,-9.067488696
aggressive,16.01434165
aggressive,21.94237498
aggressive,14.25843801
aggressive,24.03214901
aggressive,13.08254388
aggressive,17.0218021
aggressive,6.631323548
aggressive,23.61633937
aggressive,11.96975549
aggressive,22.79605714
aggressive,11.37274401
aggressive,4.897653493
aggressive,3.649727772
aggressive,14.64822435
aggressive,12.78637816
aggressive,-0.168163528
aggressive,17.85122282
aggressive,15.99730953
aggressive,18.0731621
aggressive,23.48917257
aggressive,12.43245535
aggressive,12.81632373
aggressive,10.55218764
aggressive,13.83949448
aggressive,13.15478927
aggressive,15.07059811
aggressive,22.88055109
aggressive,22.99570911
aggressive,12.06555972
aggressive,20.97439015
aggressive,25.08423578
aggressive,27.49816743
aggressive,6.38362132
aggressive,19.2377984
aggressive,15.16528138
aggressive,15.10458005
aggressive,12.96851528
aggressive,-0.008145832
aggressive,21.52222794
aggressive,5.956027787
aggressive,13.80075754
aggressive,21.44064343
aggressive,12.06298736
aggressive,19.32768704
aggressive,14.67515048
aggressive,8.266781055
aggressive,13.86307385
aggressive,15.10725811
aggressive,18.62193597
aggressive,13.82075078
aggressive,12.09141716
aggressive,19.09980555
aggressive,26.91159118
aggressive,2.752967139
aggressive,18.60255514
aggressive,22.4513176
aggressive,16.90953264
aggressive,21.82714338
aggressive,17.68708443
aggressive,16.47296445
aggressive,9.980837356
aggressive,-3.331772654
aggressive,11.35248067
aggressive,24.7744236
aggressive,19.41419922
aggressive,12.57278113
aggressive,18.72411848
aggressive,20.52608409
aggressive,17.11889468
aggressive,8.50763615
aggressive,19.05019952
aggressive,16.36224314
aggressive,14.10037646
aggressive,22.48018883
aggressive,25.53266463
aggressive,17.39187493
aggressive,10.59857078
aggressive,35.42800008
aggressive,15.2562204
aggressive,8.612132705
aggressive,13.50508353
aggressive,2.118014448
aggressive,17.89373073
aggressive,44.57948712
aggressive,19.24604358
aggressive,24.72630224
aggressive,12.1349871
aggressive,24.73284356
aggressive,23.13984939
aggressive,18.61742109
aggressive,9.068908887
aggressive,17.44119196
aggressive,7.396784445
aggressive,19.29211396
aggressive,24.13720054
aggressive,17.85566989
aggressive,19.56043767
aggressive,20.73816401
aggressive,29.16120272
aggressive,6.884162438
aggressive,11.91499386
aggressive,26.92646326
aggressive,22.34383142
aggressive,31.3299407
aggressive,28.60217845
aggressive,8.604476019
aggressive,12.20091228
aggressive,14.14499485
aggressive,20.12583351
aggressive,13.78896512
aggressive,17.33035568
aggressive,7.122301578
aggressive,19.67501311
aggressive,22.85555885
aggressive,5.636637551
aggressive,27.69555652
aggressive,15.17911131
aggressive,20.74089841
aggressive,16.73002983
aggressive,28.79092522
aggressive,7.213189434
aggressive,15.11518119
aggressive,24.37727748
aggressive,2.254880628
aggressive,25.78701791
aggressive,12.79175724
aggressive,6.415134499
aggressive,20.20796176
aggressive,25.53938431
very-aggressive,28.79894356
very-aggressive,16.54801642
very-aggressive,17.24855903
very-aggressive,25.66741617
very-aggressive,19.95272427
very-aggressive,4.789699526
very-aggressive,30.95832081
very-aggressive,27.29763213
very-aggressive,16.91154812
very-aggressive,9.318499996
very-aggressive,36.16530009
very-aggressive,17.83611068
very-aggressive,10.02846553
very-aggressive,12.28100208
very-aggressive,25.3595688
very-aggressive,7.798260428
very-aggressive,17.35374906
very-aggressive,26.05092712
very-aggressive,19.70918785
very-aggressive,20.59210215
very-aggressive,8.901365162
very-aggressive,22.45613237
very-aggressive,20.98381248
very-aggressive,27.77947783
very-aggressive,25.4328785
very-aggressive,30.45147333
very-aggressive,3.451876011
very-aggressive,3.106834611
very-aggressive,15.10879
very-aggressive,28.24869224
very-aggressive,10.04873266
very-aggressive,24.24721164
very-aggressive,17.07099984
very-aggressive,17.08643438
very-aggressive,-2.524503534
very-aggressive,24.7780109
very-aggressive,14.54908574
very-aggressive,28.52222022
very-aggressive,28.93434942
very-aggressive,13.27998881
very-aggressive,13.49575548
very-aggressive,5.559096569
very-aggressive,19.40610231
very-aggressive,17.30153709
very-aggressive,15.01484359
very-aggressive,17.03787981
very-aggressive,5.052196863
very-aggressive,28.44944271
very-aggressive,29.23043083
very-aggressive,24.78529817
very-aggressive,31.96220526
very-aggressive,16.30670808
very-aggressive,18.07052511
very-aggressive,5.560028615
very-aggressive,23.19131569
very-aggressive,32.19018099
very-aggressive,23.96210144
very-aggressive,15.60139003
very-aggressive,24.49872665
very-aggressive,18.19266719
very-aggressive,9.836858217
very-aggressive,34.61897142
very-aggressive,14.45297887
very-aggressive,5.930671542
very-aggressive,18.79359567
very-aggressive,25.37371091
very-aggressive,3.968029806
very-aggressive,18.8124503
very-aggressive,28.9962772
very-aggressive,-4.465734453
very-aggressive,11.43177871
very-aggressive,23.28119245
very-aggressive,30.42303706
very-aggressive,21.17223419
very-aggressive,16.76738995
very-aggressive,16.67272777
very-aggressive,26.34387854
very-aggressive,22.52248714
very-aggressive,-4.890900177
very-aggressive,28.18261088
very-aggressive,32.29512282
very-aggressive,23.1227336
very-aggressive,24.83210353
very-aggressive,25.88965167
very-aggressive,26.55417332
very-aggressive,50.34942049
very-aggressive,16.70331404
very-aggressive,20.3961438
very-aggressive,32.32839539
very-aggressive,28.20832981
very-aggressive,34.36631674
very-aggressive,7.692738619
very-aggressive,24.88941476
very-aggressive,9.646320159
very-aggressive,23.39875654
very-aggressive,6.719908006
very-aggressive,15.81754989
very-aggressive,17.86887791
very-aggressive,14.70520879
very-aggressive,32.41736045
very-aggressive,32.64885317
very-aggressive,20.89846282
very-aggressive,20.31189516
very-aggressive,25.42842472
very-aggressive,31.99715975
very-aggressive,2.479879092
very-aggressive,11.00156507
very-aggressive,21.81103444
very-aggressive,10.84938183
very-aggressive,-1.938498823
very-aggressive,27.3304919
very-aggressive,14.15349017
very-aggressive,13.8130019
very-aggressive,16.44747191
very-aggressive,32.28959363
very-aggressive,28.64193459
very-aggressive,0.917563621
very-aggressive,26.92482747
very-aggressive,17.88057637
very-aggressive,15.71815706
very-aggressive,15.44763583
very-aggressive,27.01547906
very-aggressive,32.15610476
very-aggressive,8.562196211
very-aggressive,26.89543704
very-aggressive,24.56623987
very-aggressive,10.44724596
very-aggressive,11.34009557
very-aggressive,21.58839607
very-aggressive,16.76439166
very-aggressive,25.66915143
very-aggressive,9.607394172
very-aggressive,27.60539449
very-aggressive,19.84593187
very-aggressive,20.89551518
very-aggressive,41.63489241
very-aggressive,14.11875302
very-aggressive,4.20645613
very-aggressive,25.77537197
very-aggressive,15.79200978
very-aggressive,31.91291293
very-aggressive,21.68467356
very-aggressive,11.22974034
very-aggressive,5.711829837
very-aggressive,5.66467053
very-aggressive,8.890446082
very-aggressive,15.42316318
very-aggressive,20.91210704
very-aggressive,26.01440727
very-aggressive,35.38261901
very-aggressive,20.47171175
very-aggressive,13.31917816
very-aggressive,4.153755835
very-aggressive,1.307757555
very-aggressive,15.10558101
very-aggressive,28.25238536
very-aggressive,11.55910043
very-aggressive,20.957098
very-aggressive,14.53024275
very-aggressive,19.36501784
very-aggressive,20.76718693
very-aggressive,7.648039821
very-aggressive,37.91016519
very-aggressive,12.99898504
very-aggressive,19.52350804
very-aggressive,16.48532426
very-aggressive,15.44223209
very-aggressive,29.6031984
very-aggressive,28.05192585
very-aggressive,6.027421919
very-aggressive,16.54604225
very-aggressive,10.97647895
very-aggressive,35.00886887
very-aggressive,18.53124694
very-aggressive,11.32302619
very-aggressive,14.11384246
very-aggressive,16.52401041
very-aggressive,17.95301567
very-aggressive,28.17012568
very-aggressive,26.71245304
very-aggressive,1.489427417
very-aggressive,22.47541553
very-aggressive,3.366396973
very-aggressive,9.34558681
very-aggressive,27.57041834
very-aggressive,-2.496179512
very-aggressive,22.10857946
very-aggressive,3.541402957
very-aggressive,31.02712636
very-aggressive,26.60962133
very-aggressive,18.23107655
very-aggressive,9.843767879
very-aggressive,10.53650363
very-aggressive,16.76216551
very-aggressive,26.2038646
very-aggressive,29.29690899
very-aggressive,26.85387879
very-aggressive,12.49873347
very-aggressive,14.35333501
very-aggressive,15.05920364
very-aggressive,13.26515436
very-aggressive,29.760743
very-aggressive,5.880182314
very-aggressive,17.98621139
very-aggressive,21.49797486
very-aggressive,11.61044749
very-aggressive,25.464139
very-aggressive,18.97105898
very-aggressive,1.410301394
very-aggressive,35.62280336
very-aggressive,20.37133245
very-aggressive,19.59740362
very-aggressive,16.08151779
very-aggressive,21.62455585
very-aggressive,21.35421015
very-aggressive,22.53543526
very-aggressive,10.40341423
very-aggressive,10.21916483
very-aggressive,21.41566987
very-aggressive,36.00485073
very-aggressive,20.10097714
very-aggressive,19.97729024
very-aggressive,15.95654605
very-aggressive,31.66986396
very-aggressive,27.30457812
very-aggressive,25.49221367
very-aggressive,-1.561563733
very-aggressive,7.009009536
very-aggressive,17.87007692
very-aggressive,15.41078255
very-aggressive,8.403417915
very-aggressive,11.62637125
very-aggressive,26.31001993
very-aggressive,36.98760712
very-aggressive,17.04762256
very-aggressive,12.94913302
very-aggressive,19.63154238
very-aggressive,17.43039005
very-aggressive,4.011060854
very-aggressive,20.42696986
very-aggressive,19.66989048
very-aggressive,28.39759406
very-aggressive,11.55378145
very-aggressive,20.42127738
very-aggressive,20.13953183
very-aggressive,15.40924291
very-aggressive,27.15337066
very-aggressive,22.22391706
very-aggressive,27.42858104
very-aggressive,4.317070399
very-aggressive,10.7395838
very-aggressive,6.156462671
very-aggressive,6.535984161
very-aggressive,1.498801745
very-aggressive,16.26844321
very-aggressive,8.271848833
very-aggressive,21.77434646
very-aggressive,20.85287002
very-aggressive,5.871460623
very-aggressive,33.33742989
very-aggressive,16.01432392
very-aggressive,30.79144486
very-aggressive,16.59474658
very-aggressive,16.66213873
very-aggressive,19.29276716
very-aggressive,26.40098511
very-aggressive,17.38744078
very-aggressive,20.93564357
very-aggressive,17.28251066
very-aggressive,27.62912598
very-aggressive,17.03683302
very-aggressive,12.68636346
very-aggressive,13.86235787
very-aggressive,30.13289754
very-aggressive,17.361365
very-aggressive,32.59288228
very-aggressive,34.74245458
very-aggressive,21.92173696
very-aggressive,14.65942779
very-aggressive,44.90846449
very-aggressive,17.28483289
very-aggressive,21.32182114
very-aggressive,29.88159683
very-aggressive,22.9512442
very-aggressive,6.004781075
very-aggressive,8.428085682
very-aggressive,14.8005005
very-aggressive,22.22898698
very-aggressive,7.22520815
very-aggressive,7.836798314
very-aggressive,13.91028965
very-aggressive,24.63908669
very-aggressive,-5.918973904
very-aggressive,21.32481871
very-aggressive,23.63510606
very-aggressive,1.090450027
very-aggressive,21.19757881
very-aggressive,20.20496795
very-aggressive,28.65974954
very-aggressive,22.19845634
very-aggressive,6.573419438
very-aggressive,15.21849799
very-aggressive,13.39328328
very-aggressive,11.16046124
very-aggressive,27.70111262
very-aggressive,17.25638959
very-aggressive,3.622026841
very-aggressive,16.07375559
very-aggressive,28.80175964
very-aggressive,15.26748173
very-aggressive,25.49459095
very-aggressive,11.44681628
very-aggressive,25.86736056
very-aggressive,13.92754566
very-aggressive,27.93968066
very-aggressive,3.179961451
very-aggressive,22.86618549
very-aggressive,46.13287013
very-aggressive,25.61771805
very-aggressive,23.65416266
very-aggressive,22.49926678
very-aggressive,14.51615969
very-aggressive,7.475905055
very-aggressive,25.21023288
very-aggressive,35.28164364
very-aggressive,16.53914029
very-aggressive,14.52268865
very-aggressive,7.308118106
very-aggressive,29.48927854
very-aggressive,21.72171248
very-aggressive,20.88121447
very-aggressive,15.98283374
very-aggressive,14.67688795
very-aggressive,31.31164155
very-aggressive,20.73651952
very-aggressive,27.73807567
very-aggressive,20.24576602
very-aggressive,3.816506698
very-aggressive,16.29685987
very-aggressive,16.70487431
very-aggressive,30.31754959
very-aggressive,13.4948844
very-aggressive,15.27420025
very-aggressive,20.7330264
very-aggressive,33.02501444
very-aggressive,19.43148918
very-aggressive,19.3491607
very-aggressive,27.07882928
very-aggressive,35.38514282
very-aggressive,6.863446806
very-aggressive,19.22650045
very-aggressive,17.94220307
very-aggressive,14.70858571
very-aggressive,28.83192065
very-aggressive,6.875781688
very-aggressive,18.6076447
very-aggressive,31.74494332
very-aggressive,10.4119086
very-aggressive,22.23824744
very-aggressive,13.01599179
very-aggressive,36.76730253
very-aggressive,22.2080832
very-aggressive,29.86788785
very-aggressive,28.06253386
very-aggressive,14.01983649
very-aggressive,17.55738261
very-aggressive,22.40496552
very-aggressive,15.62677558
very-aggressive,14.99661568
very-aggressive,19.43174964
very-aggressive,17.20266135
very-aggressive,22.44482701
very-aggressive,35.45601769
very-aggressive,20.39399494
very-aggressive,12.91581895
very-aggressive,10.14022812
very-aggressive,4.292964948
very-aggressive,11.54609517
very-aggressive,32.9600906
very-aggressive,15.62908821
very-aggressive,21.98732183
very-aggressive,15.06025067
very-aggressive,13.37057264
very-aggressive,12.61108818
very-aggressive,10.41812687
very-aggressive,28.65080486
very-aggressive,12.99347611
very-aggressive,8.812355598
very-aggressive,-3.024576124
very-aggressive,20.81424788
very-aggressive,31.37769867
very-aggressive,14.56427605
very-aggressive,12.7346815
very-aggressive,3.85555612
very-aggressive,20.51977428
very-aggressive,8.442363983
very-aggressive,5.560218083
very-aggressive,16.54656754
very-aggressive,14.26997213
very-aggressive,8.102556188
very-aggressive,23.48815457
very-aggressive,11.22421383
very-aggressive,9.507133113
very-aggressive,7.702629269
very-aggressive,-0.62479187
very-aggressive,26.54400657
very-aggressive,29.77533963
very-aggressive,15.60541738
very-aggressive,-1.368538668
very-aggressive,27.23679589
very-aggressive,16.79193087
very-aggressive,12.86737442
very-aggressive,17.54785523
very-aggressive,16.76086259
very-aggressive,9.484987039
very-aggressive,10.25002675
very-aggressive,22.36491685
very-aggressive,6.129841945
very-aggressive,27.96466625
very-aggressive,2.901802333
very-aggressive,12.997644
very-aggressive,18.86790805
very-aggressive,35.05790455
very-aggressive,28.74993293
very-aggressive,18.34107772
very-aggressive,14.25103259
very-aggressive,28.90633199
very-aggressive,3.846518374
very-aggressive,23.35550323
very-aggressive,5.401127617
very-aggressive,11.45003232
very-aggressive,19.24486749
very-aggressive,12.82799188
very-aggressive,6.501113427
very-aggressive,9.37550864
very-aggressive,34.66013348
very-aggressive,6.249934579
very-aggressive,14.51804739
very-aggressive,4.362747218
very-aggressive,16.8197103
very-aggressive,0.675906948
very-aggressive,23.62929671
very-aggressive,5.314568184
very-aggressive,35.13104967
very-aggressive,32.03706862
very-aggressive,29.78957545
very-aggressive,4.353039079
very-aggressive,17.94928873
very-aggressive,15.33821782
very-aggressive,3.276504092
very-aggressive,15.75891284
very-aggressive,7.755173352
very-aggressive,8.049673654
very-aggressive,16.25346531
very-aggressive,12.30395466
very-aggressive,26.14256988
very-aggressive,17.72509363
very-aggressive,23.9886487
very-aggressive,23.70948997
very-aggressive,15.10665657
very-aggressive,11.33065676
very-aggressive,1.946645483
very-aggressive,-3.831464213
very-aggressive,30.84927935
very-aggressive,21.55928648
very-aggressive,32.80462295
very-aggressive,23.18627492
very-aggressive,31.25745708
very-aggressive,14.15528648
very-aggressive,6.991384287
very-aggressive,8.890552747
very-aggressive,12.20398914
very-aggressive,13.35776853
very-aggressive,3.916061894
very-aggressive,14.83297425
very-aggressive,27.66338663
very-aggressive,-0.78753256
very-aggressive,28.38349757
very-aggressive,15.44015002
very-aggressive,25.55330553
very-aggressive,11.68337881
very-aggressive,18.11986642
very-aggressive,8.694969219
very-aggressive,17.41374052
very-aggressive,34.91015732
very-aggressive,29.79081631
very-aggressive,27.23065142
very-aggressive,15.8069278
very-aggressive,14.15414352
very-aggressive,17.27825993
very-aggressive,13.90891791
very-aggressive,20.2020732
very-aggressive,32.64330932
very-aggressive,6.44322517
very-aggressive,25.90622284
very-aggressive,19.98160606
very-aggressive,8.024674953
very-aggressive,20.08843999
very-aggressive,16.77559777
very-aggressive,6.5350336
very-aggressive,22.0331704
very-aggressive,12.29541229
very-aggressive,19.65209298
very-aggressive,4.010979614
very-aggressive,14.78236768
very-aggressive,6.29005342
very-aggressive,-1.574915271
very-aggressive,29.68380085
very-aggressive,25.13641912
very-aggressive,22.0916043
very-aggressive,27.68147652
very-aggressive,4.918577687
very-aggressive,14.5736979
very-aggressive,16.3801858
very-aggressive,23.26518638
very-aggressive,3.95981975
very-aggressive,28.56288834
very-aggressive,28.78896759
very-aggressive,10.63766973
very-aggressive,9.359947553
very-aggressive,10.81223804
very-aggressive,10.82449025
very-aggressive,2.157649886
very-aggressive,31.7932561
very-aggressive,29.87972816
very-aggressive,22.0603387
very-aggressive,20.39878959
very-aggressive,31.16533199
very-aggressive,9.547308381
very-aggressive,14.41759285
very-aggressive,7.145880937
very-aggressive,24.75536062
very-aggressive,6.698528022
very-aggressive,13.40429623
very-aggressive,11.59967666
very-aggressive,7.180003648
very-aggressive,28.59382775
very-aggressive,1.749657857
very-aggressive,21.45239736
very-aggressive,8.925419578
very-aggressive,7.399201207
very-aggressive,27.94713759
very-aggressive,40.66250504
