model,return
Aggressive,0.199218685
Aggressive,0.228711413
Aggressive,0.174440208
Aggressive,0.224263201
Aggressive,-0.079926724
Aggressive,-0.119952052
Aggressive,-0.082863171
Aggressive,-0.260874953
Aggressive,-0.457664104
Aggressive,-0.086370356
Aggressive,0.395209046
Aggressive,0.754814962
Aggressive,1.191534499
Aggressive,0.765851548
Aggressive,0.522401549
Aggressive,0.657379911
Aggressive,0.783422699
Aggressive,0.891047317
Aggressive,1.169723509
Aggressive,1.256356008
Aggressive,0.860004302
Aggressive,0.507085938
Aggressive,0.33623145
Aggressive,0.623449621
Aggressive,0.991841926
Aggressive,1.083209588
Aggressive,1.338232363
Aggressive,1.197469178
Aggressive,0.948560626
Aggressive,0.783596649
Aggressive,1.061331819
Aggressive,0.989078457
Aggressive,0.972325379
Aggressive,0.879978658
Aggressive,0.808429685
Aggressive,0.692601741
Aggressive,0.414924874
Aggressive,0.58369109
Aggressive,0.585827326
Aggressive,0.800713896
Aggressive,0.543418718
Aggressive,0.53834535
Aggressive,0.53759754
Aggressive,0.554965039
Aggressive,0.542031023
Aggressive,0.603568515
Aggressive,0.705765207
Aggressive,0.707191625
Aggressive,0.696268322
Aggressive,0.614019465
Aggressive,0.776368169
Aggressive,0.815367453
Aggressive,0.813236852
Aggressive,0.849777263
Aggressive,0.786112757
Aggressive,0.740396748
Aggressive,0.523674011
Aggressive,0.455811163
Aggressive,0.616519916
Aggressive,0.605396267
Aggressive,0.284059171
Aggressive,0.337957743
Aggressive,0.132442962
Aggressive,0.170662959
Aggressive,0.038514456
Aggressive,0.002839461
Aggressive,-0.010558621
Aggressive,-0.106076761
Aggressive,-0.059210784
Aggressive,-0.362895388
Aggressive,-0.151500088
Aggressive,-0.190023347
Aggressive,-0.077676257
Aggressive,-0.148202645
Aggressive,0.018234788
Aggressive,-0.02343631
Aggressive,0.107510133
Aggressive,0.017128536
Aggressive,-0.255227796
Aggressive,-0.110387199
Aggressive,0.005471966
Aggressive,0.035697357
Aggressive,0.115061461
Aggressive,0.073520994
Aggressive,-0.037669866
Aggressive,-0.04887419
Aggressive,-0.225023228
Aggressive,-0.070441235
Aggressive,-0.058515498
Aggressive,-0.165373129
Aggressive,-0.307124112
Aggressive,-0.568074356
Aggressive,-0.616271623
Aggressive,-0.598928821
Aggressive,-0.481241343
Aggressive,-0.384067561
Aggressive,-0.283345739
Aggressive,-0.341345709
Aggressive,-0.337238383
Aggressive,-0.244998659
Aggressive,-0.041475115
Aggressive,0.22971137
Aggressive,0.237755154
Aggressive,0.222781266
Aggressive,0.323997219
Aggressive,0.312123957
Aggressive,0.432136723
Aggressive,0.431029759
Aggressive,0.677996953
Aggressive,0.673879476
Aggressive,0.510857211
Aggressive,0.393046286
Aggressive,0.427194391
Aggressive,0.464489314
Aggressive,0.413157839
Aggressive,0.313027129
Aggressive,0.32405524
Aggressive,0.363946535
Aggressive,0.343402757
Aggressive,0.346755943
Aggressive,0.581148233
Aggressive,0.902969316
Aggressive,0.760227343
Aggressive,0.698554691
Aggressive,0.422570184
Aggressive,0.281707012
Aggressive,0.297185343
Aggressive,0.174195042
Aggressive,0.210065671
Aggressive,0.140436113
Aggressive,-0.156206407
Aggressive,-0.317980576
Aggressive,-0.175995455
Aggressive,0.003362307
Aggressive,-0.01612459
Aggressive,0.067618097
Aggressive,0.058803569
Aggressive,0.031200501
Aggressive,-0.289854648
Aggressive,-0.158098102
Aggressive,-0.220318428
Aggressive,-0.306451511
Aggressive,-0.289652407
Aggressive,-0.457648117
Aggressive,-0.270807761
Aggressive,-0.224386862
Aggressive,-0.277382103
Aggressive,-0.077670888
Aggressive,-0.011461242
Aggressive,0.072758578
Aggressive,0.217905863
Aggressive,0.310891916
Aggressive,0.235773015
Aggressive,0.228242003
Aggressive,0.266398034
Aggressive,0.394199008
Aggressive,0.309520431
Aggressive,0.185557772
Aggressive,0.275941
Aggressive,0.463207446
Aggressive,0.572567568
Aggressive,0.770280625
Aggressive,0.57001523
Aggressive,0.560266751
Aggressive,0.510187531
Aggressive,0.411654356
Aggressive,0.389769239
Aggressive,0.300633855
Aggressive,0.213402387
Aggressive,0.013004913
Aggressive,-0.096009642
Aggressive,-0.350330986
Aggressive,-0.107870266
Aggressive,-0.054570857
Aggressive,0.055324684
Aggressive,0.101323658
Aggressive,0.032244787
Aggressive,0.119617546
Aggressive,0.249326347
Aggressive,0.155468814
Aggressive,0.033207536
Aggressive,-0.102982462
Aggressive,-0.081374266
Aggressive,-0.000609696
Aggressive,-0.107608721
Aggressive,-0.204987892
Aggressive,0.059766176
Aggressive,0.160104587
Aggressive,0.028454337
Aggressive,-0.027606655
Aggressive,0.001956314
Aggressive,0.181344194
Aggressive,0.045172184
Aggressive,-0.214880263
Aggressive,-0.381740518
Aggressive,-0.354023194
Aggressive,-0.319678386
Aggressive,-0.146152881
Aggressive,-0.240672593
Aggressive,-0.267888838
Aggressive,-0.266994882
Aggressive,-0.509993452
Aggressive,-0.428440057
Aggressive,-0.326466392
Aggressive,0.085170484
Aggressive,0.308581434
Aggressive,-0.006810109
Aggressive,-0.309493855
Aggressive,-0.161500629
Aggressive,0.039407994
Aggressive,0.230383139
Aggressive,0.425480664
Aggressive,0.54948274
Aggressive,0.788829525
Aggressive,0.645297839
Aggressive,0.655601445
Aggressive,0.726836908
Aggressive,0.792324342
Aggressive,0.613613233
Aggressive,0.468317992
Aggressive,0.611448476
Aggressive,0.604814277
Aggressive,0.332607274
Aggressive,0.154523944
Aggressive,0.015506359
Aggressive,-0.16122536
Aggressive,0.024045203
Aggressive,0.167536735
Aggressive,0.235022343
Aggressive,-0.051442981
Aggressive,0.019231523
Aggressive,-0.009706924
Aggressive,0.207510578
Aggressive,0.346648044
Aggressive,0.29939828
Aggressive,0.522886611
Aggressive,0.641449536
Aggressive,0.422850601
Aggressive,0.481021314
Aggressive,0.781438103
Aggressive,0.494328397
Aggressive,0.584485867
Aggressive,-0.019692125
Aggressive,-0.33244232
Aggressive,-0.131763312
Aggressive,-0.310534435
Aggressive,-0.514362379
Aggressive,-0.261379628
Aggressive,-0.365121385
Aggressive,-0.404952148
Aggressive,-0.41956929
Aggressive,-0.384094615
Aggressive,0.159160649
Aggressive,0.24317989
Aggressive,0.363317917
Aggressive,0.118249646
Aggressive,0.284665742
Aggressive,0.320746692
Aggressive,0.595966782
Aggressive,1.070872791
Aggressive,1.110367746
Aggressive,1.15369237
Aggressive,2.274457438
Aggressive,2.404141247
Aggressive,1.750877948
Aggressive,1.69269795
Aggressive,0.711466936
Aggressive,0.37596661
Aggressive,0.371041902
Aggressive,-0.01178853
Aggressive,0.244098636
Aggressive,0.122649336
Aggressive,-1.103596798
Aggressive,-1.000319837
Aggressive,-0.592718554
Aggressive,-0.320331881
Aggressive,0.520110949
Aggressive,0.48952935
Aggressive,0.780013279
Aggressive,0.890094428
Aggressive,0.28016665
Aggressive,0.519385753
Aggressive,0.62310353
Aggressive,0.598864137
Aggressive,1.003023064
Aggressive,1.524901956
Aggressive,0.960551957
Aggressive,0.862400513
Aggressive,-0.260318744
Aggressive,-0.770126066
Aggressive,-0.36716285
Aggressive,-1.282254807
Aggressive,-1.566859863
Aggressive,-1.4789652
Aggressive,-1.814999036
Aggressive,-2.346568117
Aggressive,-1.848033563
Aggressive,-1.51508369
Aggressive,-0.670552159
Aggressive,-0.134690994
Aggressive,0.134450635
Aggressive,0.917143725
Aggressive,1.192137971
Aggressive,1.156347159
Aggressive,1.285670784
Aggressive,0.93736263
Aggressive,0.945109666
Aggressive,0.653589364
Aggressive,0.478893377
Aggressive,0.32997125
Aggressive,0.184727816
Aggressive,0.158713235
Aggressive,0.120657209
Aggressive,0.134727914
Aggressive,-0.413771721
Aggressive,-0.487956383
Aggressive,-0.335687889
Aggressive,-0.14382795
Aggressive,0.177305653
Aggressive,0.262881388
Aggressive,0.190964838
Aggressive,0.25651017
Aggressive,-0.021400504
Aggressive,-0.032453792
Aggressive,0.450801752
Aggressive,0.907772931
Aggressive,0.77430534
Aggressive,0.970796657
Aggressive,0.98607728
Aggressive,0.833192859
Aggressive,0.789202878
Aggressive,0.724789438
Aggressive,0.935386694
Aggressive,0.843294933
Aggressive,0.77428002
Aggressive,0.613434321
Aggressive,0.892833535
Aggressive,1.066793917
Aggressive,0.713241352
Aggressive,0.731587962
Aggressive,0.369238727
Aggressive,0.301143712
Aggressive,0.666583161
Aggressive,0.678401753
Aggressive,0.484038858
Aggressive,0.868507438
Aggressive,0.581809399
Aggressive,0.165566242
Aggressive,0.043340822
Aggressive,-0.087068247
Aggressive,0.324590069
Aggressive,0.158810876
Aggressive,0.033340418
Aggressive,0.174067388
Aggressive,0.639157951
Aggressive,0.421192817
Aggressive,0.509233858
Aggressive,0.576194166
Aggressive,0.891968787
Aggressive,1.026870092
Aggressive,1.021706669
Aggressive,1.273733662
Aggressive,1.071764226
Aggressive,0.802034819
Aggressive,0.483389528
Aggressive,0.406523109
Aggressive,0.181336568
Aggressive,0.192726676
Aggressive,0.204580786
Aggressive,0.156741326
Aggressive,0.075803092
Aggressive,-0.005758308
Aggressive,0.015510654
Aggressive,0.018146316
Aggressive,0.028090798
Aggressive,-0.070720003
Aggressive,0.052318512
Aggressive,0.106575364
Aggressive,-0.14613114
Aggressive,-0.193921333
Aggressive,-0.344081838
Aggressive,-0.459859925
Aggressive,-0.33958612
Aggressive,-0.164716308
Aggressive,0.08180504
Aggressive,0.274063351
Aggressive,0.373371491
Aggressive,0.246972225
Aggressive,0.358191518
Aggressive,0.566236826
Aggressive,0.58818379
Aggressive,0.751082819
Aggressive,0.763976458
Aggressive,0.771992604
Aggressive,0.424281887
Aggressive,0.346154412
Aggressive,0.184297363
Aggressive,0.407739133
Aggressive,0.304239763
Aggressive,0.20273668
Aggressive,0.263132451
Aggressive,0.137031022
Aggressive,0.037979555
Aggressive,0.080093199
Aggressive,0.36304391
Aggressive,0.451009904
Aggressive,0.514826609
Aggressive,0.623840003
Aggressive,0.447606492
Aggressive,0.525100689
Aggressive,0.536366716
Aggressive,0.44441141
Aggressive,0.606738329
Aggressive,0.350946568
Aggressive,0.109734427
Aggressive,0.052368977
Aggressive,0.245802783
Aggressive,0.196683353
Aggressive,0.608918407
Aggressive,0.563410311
Aggressive,0.560317668
Aggressive,0.305330229
Aggressive,0.074973344
Aggressive,0.274742688
Aggressive,0.113229929
Aggressive,-0.206501617
Aggressive,-0.398155188
Aggressive,-0.784208176
Aggressive,-0.911153122
Aggressive,-0.732531829
Aggressive,-0.681196363
Aggressive,-0.255903952
Aggressive,-0.304901126
Aggressive,-0.355203508
Aggressive,-0.126086163
Aggressive,0.159303076
Aggressive,0.210718262
Aggressive,0.385123635
Aggressive,0.277866849
Aggressive,0.3207467
Aggressive,0.104712436
Aggressive,-0.289831158
Aggressive,-0.065382671
Aggressive,-0.152489685
Aggressive,-0.350911341
Aggressive,-0.400529905
Aggressive,-0.096681492
Aggressive,-0.009024749
Aggressive,-0.016015272
Aggressive,-0.13819643
Aggressive,-0.27469836
Aggressive,0.107613518
Aggressive,0.012836612
Aggressive,-0.269758085
Aggressive,0.031862898
Aggressive,0.192012945
Aggressive,-0.114960509
Aggressive,-0.130533864
Aggressive,0.06014635
Aggressive,0.165772788
Aggressive,0.305653148
Aggressive,0.297864968
Aggressive,0.05299
Aggressive,0.670949578
Aggressive,0.715209555
Aggressive,0.968001013
Aggressive,0.939712669
Aggressive,0.584833394
Aggressive,0.543727927
Aggressive,0.021177384
Aggressive,0.077188191
Aggressive,-0.007334478
Aggressive,-0.157051992
Aggressive,-0.533536666
Aggressive,-0.516563309
Aggressive,-0.972937191
Aggressive,-1.375188028
Aggressive,-1.126035281
Aggressive,-1.357460994
Aggressive,-1.088912053
Aggressive,-0.811652912
Aggressive,-0.571786814
Aggressive,-0.262336543
Aggressive,0.034387594
Aggressive,-0.01445537
Aggressive,0.219926405
Aggressive,0.609503738
Aggressive,0.504975571
Aggressive,0.831575546
Aggressive,0.77541412
Aggressive,0.622834704
Aggressive,0.360202244
Aggressive,0.59533207
Aggressive,0.401939654
Aggressive,0.414914681
Aggressive,0.403788992
Aggressive,0.299619271
Aggressive,0.097291873
Aggressive,-0.059134115
Aggressive,0.138235347
Aggressive,0.05174563
Aggressive,0.069165936
Aggressive,0.015401693
Aggressive,-0.082767902
Aggressive,-0.243316171
Aggressive,-0.118039806
Aggressive,0.196113278
Aggressive,0.416712408
Aggressive,0.557204914
Aggressive,0.643876463
Aggressive,0.677163822
Aggressive,1.061605721
Aggressive,1.025839085
Aggressive,1.213936746
Aggressive,1.337465902
Aggressive,1.072801589
Aggressive,0.863394097
Aggressive,0.869442343
Aggressive,0.378219834
Aggressive,0.290654349
Aggressive,0.277132678
Aggressive,-0.12149468
Aggressive,-0.273598808
Aggressive,-0.350880253
Aggressive,-0.333053364
Aggressive,-0.164519702
Aggressive,0.015370933
Aggressive,-0.126264635
Aggressive,0.030468469
Aggressive,-0.171394426
Aggressive,-0.183232318
Aggressive,0.172204571
Aggressive,0.341072535
Aggressive,0.207173123
Aggressive,0.021464398
Aggressive,0.19729466
Aggressive,0.161214621
Aggressive,0.28563493
Aggressive,0.849585277
Aggressive,0.811558446
Aggressive,1.378034252
Aggressive,1.211155367
Aggressive,1.267973691
Aggressive,0.330373887
Aggressive,0.207856863
Aggressive,-0.07752326
Aggressive,0.031818104
Aggressive,-0.453502907
Aggressive,-0.889418839
Aggressive,-0.686079177
Aggressive,-1.409862729
Aggressive,-1.881213944
Aggressive,-2.087584203
Aggressive,-0.97358725
Aggressive,-0.738464292
Aggressive,-0.702485263
Aggressive,-1.041058782
Aggressive,-0.403270029
Aggressive,0.107432427
Aggressive,0.251849963
Aggressive,0.275710783
Aggressive,0.111936491
Aggressive,0.103887377
Aggressive,0.058839616
Aggressive,0.063224783
Aggressive,-0.382991042
Aggressive,-0.572891352
Aggressive,-0.592173002
Aggressive,-1.178403745
Aggressive,-1.450579969
Aggressive,-1.198713909
Aggressive,-0.606490924
Aggressive,-0.3851582
Aggressive,-0.365538117
Aggressive,-0.627891618
Aggressive,-0.047601321
Aggressive,-0.157289475
Aggressive,-0.258010781
Aggressive,-0.048209761
Aggressive,-0.038637151
Aggressive,-0.236584945
Aggressive,-0.256438495
Aggressive,-0.384814108
Aggressive,-0.215702432
Aggressive,0.074682574
Aggressive,-0.023522522
Aggressive,0.031922841
Aggressive,-0.005352194
Aggressive,0.176876556
Aggressive,0.230756448
Aggressive,0.222294976
Aggressive,-0.040306208
Aggressive,0.134407769
Aggressive,-0.025505128
Aggressive,-0.386837227
Aggressive,-0.473768716
Aggressive,0.035565146
Aggressive,0.377442643
Aggressive,0.17296357
Aggressive,-0.152680041
Aggressive,0.075751802
Aggressive,0.290812344
Aggressive,0.168850976
Aggressive,-0.114786075
Aggressive,-0.015645362
Aggressive,-0.001263959
Aggressive,-0.163481247
Aggressive,-0.403110733
Aggressive,-0.227849735
Aggressive,0.12211521
Aggressive,0.210840978
Aggressive,0.120027932
Aggressive,0.18719028
Aggressive,-0.037683952
Aggressive,0.066894131
Aggressive,0.259938513
Aggressive,-0.214498638
Aggressive,-0.410727151
Aggressive,-0.558076337
Aggressive,-0.656018108
Aggressive,-1.183039241
Aggressive,-1.146456561
Aggressive,-1.238567934
Aggressive,-0.8494227
Aggressive,-0.988412624
Aggressive,-1.159745309
Aggressive,-0.499092372
Aggressive,-0.224114544
Aggressive,-0.191415156
Aggressive,0.064167016
Aggressive,0.492878369
Aggressive,0.470642586
Aggressive,0.494961223
Aggressive,0.614973923
Aggressive,0.983108794
Aggressive,1.358947932
Aggressive,1.430596735
Aggressive,1.619657531
Aggressive,1.517831638
Aggressive,0.983665759
Aggressive,1.010874485
Aggressive,0.897744591
Aggressive,0.421514725
Aggressive,0.432985893
Aggressive,0.385363768
Aggressive,0.25105304
Aggressive,-0.292588304
Aggressive,-1.050753473
Aggressive,-1.102787491
Aggressive,-0.560909707
Aggressive,-0.619074525
Aggressive,-0.700931048
Aggressive,-0.386503188
Aggressive,-0.061960699
Aggressive,-0.466143224
Aggressive,-1.089604905
Aggressive,-0.839674513
Aggressive,-0.07547383
Aggressive,0.149505374
Aggressive,-0.199116956
Aggressive,-0.20313669
Aggressive,0.091189821
Aggressive,0.114823819
Aggressive,-0.083916811
Aggressive,0.397477118
Aggressive,0.295902722
Aggressive,0.155035019
Aggressive,-0.201585216
Aggressive,-0.227033492
Aggressive,0.137190104
Aggressive,0.247994836
Aggressive,0.225350063
Aggressive,0.316282732
Aggressive,0.267221475
Aggressive,-0.019571765
Aggressive,0.520417421
Aggressive,0.61116926
Aggressive,0.766596428
Aggressive,0.712719436
Aggressive,0.482391844
Aggressive,0.486534079
Aggressive,0.455870088
Aggressive,0.589655759
Aggressive,0.6727703
Aggressive,0.7871248
Aggressive,0.745961938
Aggressive,1.01253979
Aggressive,0.870954546
Aggressive,0.954108946
Aggressive,0.793624378
Aggressive,0.647108453
Aggressive,0.707265906
Aggressive,0.581512123
Aggressive,0.691811519
Aggressive,1.004695053
Aggressive,0.901539403
Aggressive,0.61791987
Aggressive,0.677132819
Aggressive,0.449030672
Aggressive,0.615058525
Aggressive,0.315415622
Aggressive,0.134337146
Aggressive,-0.009577438
Aggressive,-0.232385164
Aggressive,-0.578146009
Aggressive,-0.170488003
Aggressive,0.128597116
Aggressive,0.154062042
Aggressive,-0.377463739
Aggressive,-0.46974707
Aggressive,-0.704480695
Aggressive,-0.702362449
Aggressive,-0.908523178
Aggressive,-0.959225847
Aggressive,-0.84402167
Aggressive,-1.232543839
Aggressive,-1.345287596
Aggressive,-1.412754126
Aggressive,-0.678418872
Aggressive,-0.593023279
Aggressive,-0.160017966
Aggressive,0.283554616
Aggressive,0.667811181
Aggressive,0.510901675
Aggressive,0.320901199
Aggressive,0.479798177
Aggressive,0.35640975
Aggressive,0.376798146
Aggressive,0.356267807
Aggressive,0.175740267
Balanced,0.124112978
Balanced,0.141386082
Balanced,0.110908856
Balanced,0.141664422
Balanced,-0.036736775
Balanced,-0.059213229
Balanced,-0.038919152
Balanced,-0.140508024
Balanced,-0.254204408
Balanced,-0.038694455
Balanced,0.244740452
Balanced,0.457722741
Balanced,0.713856566
Balanced,0.463000382
Balanced,0.319491116
Balanced,0.39500287
Balanced,0.47425553
Balanced,0.536194327
Balanced,0.698142522
Balanced,0.753448816
Balanced,0.523660745
Balanced,0.313927332
Balanced,0.212968161
Balanced,0.382228547
Balanced,0.597556632
Balanced,0.651910906
Balanced,0.800555706
Balanced,0.713477947
Balanced,0.562862835
Balanced,0.463916485
Balanced,0.627825953
Balanced,0.586546253
Balanced,0.578219906
Balanced,0.52328832
Balanced,0.483799204
Balanced,0.419104347
Balanced,0.253856748
Balanced,0.357027828
Balanced,0.36072968
Balanced,0.488890403
Balanced,0.333340383
Balanced,0.331734903
Balanced,0.330992125
Balanced,0.340828095
Balanced,0.331768765
Balanced,0.366898581
Balanced,0.426326715
Balanced,0.429770436
Balanced,0.421508339
Balanced,0.374122687
Balanced,0.47184352
Balanced,0.494022093
Balanced,0.491698617
Balanced,0.513807805
Balanced,0.474903085
Balanced,0.448089579
Balanced,0.32083624
Balanced,0.279464789
Balanced,0.374841719
Balanced,0.366996605
Balanced,0.171231155
Balanced,0.202170503
Balanced,0.083196176
Balanced,0.107289954
Balanced,0.030552115
Balanced,0.010258288
Balanced,0.004295836
Balanced,-0.05066092
Balanced,-0.021634183
Balanced,-0.196202444
Balanced,-0.066023559
Balanced,-0.090602015
Balanced,-0.02627671
Balanced,-0.068831715
Balanced,0.029457544
Balanced,0.00433418
Balanced,0.079367912
Balanced,0.025054655
Balanced,-0.135075891
Balanced,-0.0530224
Balanced,0.014285964
Balanced,0.034294867
Balanced,0.081750042
Balanced,0.05631774
Balanced,-0.009472335
Balanced,-0.016138216
Balanced,-0.118061345
Balanced,-0.02666557
Balanced,-0.021649912
Balanced,-0.086969453
Balanced,-0.172506786
Balanced,-0.327083283
Balanced,-0.354586653
Balanced,-0.344460844
Balanced,-0.272845454
Balanced,-0.214373484
Balanced,-0.157433943
Balanced,-0.193629343
Balanced,-0.190751363
Balanced,-0.132872765
Balanced,-0.00907039
Balanced,0.153226941
Balanced,0.154493299
Balanced,0.146072684
Balanced,0.201297298
Balanced,0.195395601
Balanced,0.267611215
Balanced,0.2705874
Balanced,0.419181151
Balanced,0.417149559
Balanced,0.320873349
Balanced,0.246713125
Balanced,0.27042852
Balanced,0.293915317
Balanced,0.266112355
Balanced,0.204051709
Balanced,0.209692029
Balanced,0.229532402
Balanced,0.212815045
Balanced,0.21370811
Balanced,0.351124256
Balanced,0.543289426
Balanced,0.45963617
Balanced,0.421583065
Balanced,0.258621313
Balanced,0.174600971
Balanced,0.185176448
Balanced,0.112443086
Balanced,0.133774225
Balanced,0.091424587
Balanced,-0.083843154
Balanced,-0.176681949
Balanced,-0.094783807
Balanced,0.008322475
Balanced,-0.002288823
Balanced,0.046584189
Balanced,0.038768903
Balanced,0.021525792
Balanced,-0.166247096
Balanced,-0.087891862
Balanced,-0.119303966
Balanced,-0.171438801
Balanced,-0.161245855
Balanced,-0.259835226
Balanced,-0.149618204
Balanced,-0.121150511
Balanced,-0.153564129
Balanced,-0.028027953
Balanced,0.011849274
Balanced,0.062012422
Balanced,0.143758741
Balanced,0.19807164
Balanced,0.157456518
Balanced,0.152482061
Balanced,0.173687444
Balanced,0.251814647
Balanced,0.203553259
Balanced,0.126843534
Balanced,0.179468092
Balanced,0.290715046
Balanced,0.352873601
Balanced,0.466769488
Balanced,0.348662599
Balanced,0.345102887
Balanced,0.314401122
Balanced,0.251004119
Balanced,0.236265768
Balanced,0.18220372
Balanced,0.13081359
Balanced,0.009281526
Balanced,-0.060204729
Balanced,-0.209960542
Balanced,-0.069591363
Balanced,-0.036452505
Balanced,0.029124714
Balanced,0.059524447
Balanced,0.021298517
Balanced,0.072927884
Balanced,0.150626461
Balanced,0.098603231
Balanced,0.033367205
Balanced,-0.04480161
Balanced,-0.037997538
Balanced,0.012158441
Balanced,-0.051871401
Balanced,-0.106195455
Balanced,0.053201229
Balanced,0.112461335
Balanced,0.037983023
Balanced,0.002517434
Balanced,0.021079396
Balanced,0.128006547
Balanced,0.052808585
Balanced,-0.107322445
Balanced,-0.204464728
Balanced,-0.192283977
Balanced,-0.173243982
Balanced,-0.071790435
Balanced,-0.13143955
Balanced,-0.144719761
Balanced,-0.144190211
Balanced,-0.290092612
Balanced,-0.245083128
Balanced,-0.179326439
Balanced,0.064997934
Balanced,0.201256626
Balanced,0.011833092
Balanced,-0.168790321
Balanced,-0.082905867
Balanced,0.040121637
Balanced,0.162551885
Balanced,0.281617193
Balanced,0.361366011
Balanced,0.501546989
Balanced,0.41665381
Balanced,0.416855445
Balanced,0.454213917
Balanced,0.491324781
Balanced,0.384946942
Balanced,0.292215457
Balanced,0.35826747
Balanced,0.347637073
Balanced,0.179220508
Balanced,0.070863196
Balanced,-0.009741924
Balanced,-0.1123704
Balanced,0.0052227
Balanced,0.091430358
Balanced,0.133631995
Balanced,-0.036441433
Balanced,0.007245912
Balanced,-0.007117446
Balanced,0.126991474
Balanced,0.208133053
Balanced,0.177837129
Balanced,0.308831628
Balanced,0.379122578
Balanced,0.251004322
Balanced,0.282484364
Balanced,0.46350272
Balanced,0.296490966
Balanced,0.353123952
Balanced,-0.007672019
Balanced,-0.197352969
Balanced,-0.081261256
Balanced,-0.184700547
Balanced,-0.308901415
Balanced,-0.158524167
Balanced,-0.217827525
Balanced,-0.243369954
Balanced,-0.247822472
Balanced,-0.227033602
Balanced,0.098867822
Balanced,0.148678666
Balanced,0.217860909
Balanced,0.070340579
Balanced,0.168545143
Balanced,0.188596323
Balanced,0.3503341
Balanced,0.630863666
Balanced,0.654252741
Balanced,0.677077644
Balanced,1.344416126
Balanced,1.426413529
Balanced,1.042215314
Balanced,1.01347164
Balanced,0.433770072
Balanced,0.235791112
Balanced,0.235164832
Balanced,0.005430605
Balanced,0.15415484
Balanced,0.083341251
Balanced,-0.64854786
Balanced,-0.587796736
Balanced,-0.343174796
Balanced,-0.185139792
Balanced,0.31331206
Balanced,0.296733576
Balanced,0.46760805
Balanced,0.534475655
Balanced,0.172482035
Balanced,0.311632429
Balanced,0.371781862
Balanced,0.357758294
Balanced,0.592991402
Balanced,0.90178246
Balanced,0.566754936
Balanced,0.506902509
Balanced,-0.150619633
Balanced,-0.446585064
Balanced,-0.206960615
Balanced,-0.744152057
Balanced,-0.912742491
Balanced,-0.859313861
Balanced,-1.056040188
Balanced,-1.374452407
Balanced,-1.0797859
Balanced,-0.881344889
Balanced,-0.387774765
Balanced,-0.076484116
Balanced,0.082148567
Balanced,0.542242575
Balanced,0.704867164
Balanced,0.681852126
Balanced,0.756120001
Balanced,0.554842029
Balanced,0.560654619
Balanced,0.388466472
Balanced,0.286018728
Balanced,0.197318293
Balanced,0.109997541
Balanced,0.093674633
Balanced,0.070739385
Balanced,0.080821408
Balanced,-0.239235621
Balanced,-0.279732466
Balanced,-0.19071183
Balanced,-0.076517059
Balanced,0.108773115
Balanced,0.161859748
Balanced,0.119712354
Balanced,0.159838805
Balanced,-0.003402128
Balanced,-0.011552522
Balanced,0.268553463
Balanced,0.536104629
Balanced,0.460972597
Balanced,0.570821203
Balanced,0.581459243
Balanced,0.491763049
Balanced,0.47288016
Balanced,0.436877661
Balanced,0.560994882
Balanced,0.512328806
Balanced,0.471490502
Balanced,0.373812383
Balanced,0.537619
Balanced,0.650567482
Balanced,0.449525606
Balanced,0.457564085
Balanced,0.236870522
Balanced,0.196268703
Balanced,0.410367971
Balanced,0.414492402
Balanced,0.304331535
Balanced,0.528361932
Balanced,0.354048854
Balanced,0.101329213
Balanced,0.021871201
Balanced,-0.042153745
Balanced,0.20496479
Balanced,0.105794253
Balanced,0.041299751
Balanced,0.124243368
Balanced,0.402171962
Balanced,0.278612985
Balanced,0.318944592
Balanced,0.357148155
Balanced,0.5431332
Balanced,0.608694052
Balanced,0.599505463
Balanced,0.750911653
Balanced,0.627134205
Balanced,0.454505724
Balanced,0.254368256
Balanced,0.200167092
Balanced,0.081603719
Balanced,0.090040026
Balanced,0.098667509
Balanced,0.073287477
Balanced,0.02670466
Balanced,-0.02025557
Balanced,-0.010272567
Balanced,0.002872782
Balanced,0.015972601
Balanced,-0.033645927
Balanced,0.037547973
Balanced,0.069384941
Balanced,-0.078713716
Balanced,-0.109897747
Balanced,-0.201535121
Balanced,-0.274994033
Balanced,-0.206213722
Balanced,-0.099727362
Balanced,0.047017907
Balanced,0.158377898
Balanced,0.216952291
Balanced,0.144175006
Balanced,0.2101494
Balanced,0.338280256
Balanced,0.357018292
Balanced,0.454968717
Balanced,0.466573727
Balanced,0.466484728
Balanced,0.262581444
Balanced,0.216151237
Balanced,0.122595968
Balanced,0.251352862
Balanced,0.189211521
Balanced,0.130374495
Balanced,0.16842778
Balanced,0.10001637
Balanced,0.042706261
Balanced,0.070084497
Balanced,0.236688511
Balanced,0.286851948
Balanced,0.324945799
Balanced,0.390333093
Balanced,0.287379969
Balanced,0.332657368
Balanced,0.339055724
Balanced,0.280945064
Balanced,0.374461673
Balanced,0.224473704
Balanced,0.08298384
Balanced,0.052799623
Balanced,0.164210722
Balanced,0.133733192
Balanced,0.375435472
Balanced,0.34827578
Balanced,0.342817976
Balanced,0.193463649
Balanced,0.059469533
Balanced,0.171593712
Balanced,0.071516775
Balanced,-0.11116987
Balanced,-0.220261177
Balanced,-0.436246475
Balanced,-0.509409355
Balanced,-0.406871205
Balanced,-0.37675384
Balanced,-0.130543107
Balanced,-0.164597648
Balanced,-0.187602717
Balanced,-0.043539691
Balanced,0.118713322
Balanced,0.143320667
Balanced,0.239410923
Balanced,0.174254976
Balanced,0.200512312
Balanced,0.073353467
Balanced,-0.151574182
Balanced,-0.021535783
Balanced,-0.065925993
Balanced,-0.179601329
Balanced,-0.203922156
Balanced,-0.017542992
Balanced,0.033153966
Balanced,0.031516844
Balanced,-0.038831571
Balanced,-0.116094565
Balanced,0.101478253
Balanced,0.048829701
Balanced,-0.13389344
Balanced,0.03333533
Balanced,0.128109469
Balanced,-0.053814424
Balanced,-0.063771178
Balanced,0.048237453
Balanced,0.108376386
Balanced,0.18930293
Balanced,0.186879756
Balanced,0.045234491
Balanced,0.413846956
Balanced,0.441160611
Balanced,0.582996596
Balanced,0.565000936
Balanced,0.355370267
Balanced,0.330633575
Balanced,0.024692194
Balanced,0.05316085
Balanced,0.003363171
Balanced,-0.084864049
Balanced,-0.301204367
Balanced,-0.294501012
Balanced,-0.561755554
Balanced,-0.79701074
Balanced,-0.647326355
Balanced,-0.782414453
Balanced,-0.624440512
Balanced,-0.461271911
Balanced,-0.322735078
Balanced,-0.141824051
Balanced,0.029037905
Balanced,0.006153969
Balanced,0.141302323
Balanced,0.369186606
Balanced,0.308184389
Balanced,0.499102367
Balanced,0.461256461
Balanced,0.375350671
Balanced,0.220940602
Balanced,0.357248715
Balanced,0.245332927
Balanced,0.254412397
Balanced,0.248909342
Balanced,0.184185134
Balanced,0.05939582
Balanced,-0.033260796
Balanced,0.092386492
Balanced,0.042634951
Balanced,0.056414596
Balanced,0.024145014
Balanced,-0.040022077
Balanced,-0.139596216
Balanced,-0.059160307
Balanced,0.126918876
Balanced,0.259491936
Balanced,0.341092184
Balanced,0.389673935
Balanced,0.406363653
Balanced,0.633955192
Balanced,0.615969476
Balanced,0.735292877
Balanced,0.809886972
Balanced,0.649790254
Balanced,0.530874104
Balanced,0.533709962
Balanced,0.245802636
Balanced,0.188587506
Balanced,0.178297722
Balanced,-0.060448344
Balanced,-0.151448685
Balanced,-0.200526675
Balanced,-0.183194927
Balanced,-0.081073673
Balanced,0.022977013
Balanced,-0.056951282
Balanced,0.04105518
Balanced,-0.077366988
Balanced,-0.084015698
Balanced,0.124258576
Balanced,0.213434886
Balanced,0.134429596
Balanced,0.019313976
Balanced,0.119037926
Balanced,0.094590313
Balanced,0.163989501
Balanced,0.491528618
Balanced,0.465532954
Balanced,0.807462943
Balanced,0.71131516
Balanced,0.748768159
Balanced,0.188939986
Balanced,0.110990592
Balanced,-0.058330729
Balanced,0.008645988
Balanced,-0.268700744
Balanced,-0.524074422
Balanced,-0.398658525
Balanced,-0.826427569
Balanced,-1.106435135
Balanced,-1.218717107
Balanced,-0.553350288
Balanced,-0.412305937
Balanced,-0.393320681
Balanced,-0.590218982
Balanced,-0.217938354
Balanced,0.078282979
Balanced,0.161783408
Balanced,0.173562737
Balanced,0.079969014
Balanced,0.071926792
Balanced,0.037759126
Balanced,0.042437281
Balanced,-0.217057059
Balanced,-0.330052155
Balanced,-0.347771836
Balanced,-0.688736878
Balanced,-0.843426811
Balanced,-0.693733001
Balanced,-0.34374771
Balanced,-0.210316926
Balanced,-0.186811567
Balanced,-0.337650987
Balanced,0.004912986
Balanced,-0.058952775
Balanced,-0.114638926
Balanced,0.005706445
Balanced,0.005924284
Balanced,-0.109777563
Balanced,-0.122177293
Balanced,-0.202387787
Balanced,-0.10711328
Balanced,0.056005307
Balanced,-0.002895579
Balanced,0.029479526
Balanced,0.006095321
Balanced,0.11418166
Balanced,0.150258137
Balanced,0.14423053
Balanced,-0.010724957
Balanced,0.096756169
Balanced,0.001312616
Balanced,-0.204334245
Balanced,-0.256362928
Balanced,0.044796622
Balanced,0.230221764
Balanced,0.101013098
Balanced,-0.091922004
Balanced,0.039933026
Balanced,0.166438404
Balanced,0.091447783
Balanced,-0.072475532
Balanced,-0.014240781
Balanced,-0.000418418
Balanced,-0.096246747
Balanced,-0.221767632
Balanced,-0.108441367
Balanced,0.096777572
Balanced,0.151247629
Balanced,0.09880975
Balanced,0.138072373
Balanced,-0.003880806
Balanced,0.060329151
Balanced,0.169417003
Balanced,-0.128451997
Balanced,-0.247538269
Balanced,-0.324131261
Balanced,-0.369119812
Balanced,-0.682225219
Balanced,-0.662984184
Balanced,-0.712685078
Balanced,-0.474982255
Balanced,-0.556234596
Balanced,-0.655547787
Balanced,-0.249102069
Balanced,-0.081729682
Balanced,-0.069951036
Balanced,0.067288537
Balanced,0.321349383
Balanced,0.307862328
Balanced,0.321852917
Balanced,0.389922258
Balanced,0.601502104
Balanced,0.824061576
Balanced,0.864333395
Balanced,0.975961043
Balanced,0.914028551
Balanced,0.604159482
Balanced,0.623364029
Balanced,0.560014813
Balanced,0.27775896
Balanced,0.286394515
Balanced,0.260112256
Balanced,0.178737425
Balanced,-0.141868391
Balanced,-0.589152145
Balanced,-0.622953009
Balanced,-0.308045262
Balanced,-0.325806206
Balanced,-0.380280825
Balanced,-0.197539249
Balanced,-0.003498047
Balanced,-0.245354988
Balanced,-0.614891871
Balanced,-0.461122318
Balanced,-0.011092399
Balanced,0.126439493
Balanced,-0.07886999
Balanced,-0.101537311
Balanced,0.076206526
Balanced,0.091096954
Balanced,-0.028848449
Balanced,0.253417308
Balanced,0.199685331
Balanced,0.111145456
Balanced,-0.102834831
Balanced,-0.123984725
Balanced,0.087049279
Balanced,0.149012348
Balanced,0.1367646
Balanced,0.189429751
Balanced,0.15908612
Balanced,-0.01027577
Balanced,0.303900632
Balanced,0.359841388
Balanced,0.451021573
Balanced,0.422051808
Balanced,0.284749758
Balanced,0.290485409
Balanced,0.271623748
Balanced,0.356758731
Balanced,0.406311099
Balanced,0.475806189
Balanced,0.450520427
Balanced,0.602215086
Balanced,0.52190057
Balanced,0.56899986
Balanced,0.477815241
Balanced,0.3932819
Balanced,0.429910221
Balanced,0.350655938
Balanced,0.413886529
Balanced,0.600084891
Balanced,0.543290467
Balanced,0.392671917
Balanced,0.432144303
Balanced,0.301115877
Balanced,0.400024518
Balanced,0.221202452
Balanced,0.110965905
Balanced,0.026561323
Balanced,-0.102098044
Balanced,-0.309871885
Balanced,-0.075036421
Balanced,0.082603848
Balanced,0.086399988
Balanced,-0.225269378
Balanced,-0.27947138
Balanced,-0.41232785
Balanced,-0.410750333
Balanced,-0.531026066
Balanced,-0.562923759
Balanced,-0.492834955
Balanced,-0.720133904
Balanced,-0.774675393
Balanced,-0.804577246
Balanced,-0.374929995
Balanced,-0.326271112
Balanced,-0.077615386
Balanced,0.188126855
Balanced,0.41383196
Balanced,0.322363807
Balanced,0.212345974
Balanced,0.310471246
Balanced,0.23416928
Balanced,0.241428722
Balanced,0.227525176
Balanced,0.126243272
Defensive,0.089007103
Defensive,0.101030152
Defensive,0.079344809
Defensive,0.100435843
Defensive,-0.024747809
Defensive,-0.040567322
Defensive,-0.025904893
Defensive,-0.097515851
Defensive,-0.177517119
Defensive,-0.02543643
Defensive,0.173017641
Defensive,0.32261991
Defensive,0.502098361
Defensive,0.326003273
Defensive,0.225793886
Defensive,0.279509725
Defensive,0.334525892
Defensive,0.37812924
Defensive,0.491453966
Defensive,0.528766481
Defensive,0.36770586
Defensive,0.220631125
Defensive,0.149984042
Defensive,0.268391549
Defensive,0.419281466
Defensive,0.457875513
Defensive,0.561392622
Defensive,0.501476733
Defensive,0.396979174
Defensive,0.328093661
Defensive,0.442613822
Defensive,0.413334601
Defensive,0.407135078
Defensive,0.368831246
Defensive,0.340731349
Defensive,0.294523392
Defensive,0.179400368
Defensive,0.250673859
Defensive,0.252844938
Defensive,0.342304379
Defensive,0.234526509
Defensive,0.233241479
Defensive,0.23270844
Defensive,0.239686118
Defensive,0.233697157
Defensive,0.258634814
Defensive,0.30031486
Defensive,0.302353424
Defensive,0.296842604
Defensive,0.263430922
Defensive,0.33120962
Defensive,0.346833111
Defensive,0.345640295
Defensive,0.360880757
Defensive,0.334000976
Defensive,0.315126173
Defensive,0.225992947
Defensive,0.197212154
Defensive,0.263511028
Defensive,0.25894365
Defensive,0.122764333
Defensive,0.14452112
Defensive,0.060773737
Defensive,0.077421849
Defensive,0.024158382
Defensive,0.009177133
Defensive,0.004711282
Defensive,-0.03388335
Defensive,-0.013397566
Defensive,-0.136148766
Defensive,-0.046091455
Defensive,-0.06283049
Defensive,-0.017374848
Defensive,-0.046295134
Defensive,0.021719198
Defensive,0.004194499
Defensive,0.057115594
Defensive,0.019288387
Defensive,-0.092213378
Defensive,-0.035054163
Defensive,0.012179963
Defensive,0.025905769
Defensive,0.060067885
Defensive,0.04181228
Defensive,-0.004147394
Defensive,-0.008621185
Defensive,-0.080291586
Defensive,-0.015992362
Defensive,-0.012777979
Defensive,-0.057990508
Defensive,-0.117343237
Defensive,-0.225459084
Defensive,-0.245351607
Defensive,-0.238244953
Defensive,-0.188693821
Defensive,-0.148255619
Defensive,-0.107924091
Defensive,-0.132494798
Defensive,-0.130505191
Defensive,-0.09086917
Defensive,-0.005198833
Defensive,0.107735333
Defensive,0.109463873
Defensive,0.103562545
Defensive,0.143093578
Defensive,0.138786661
Defensive,0.188944368
Defensive,0.190147337
Defensive,0.293270083
Defensive,0.291840345
Defensive,0.224452567
Defensive,0.173720788
Defensive,0.189528014
Defensive,0.205505806
Defensive,0.185637088
Defensive,0.142962297
Defensive,0.14711635
Defensive,0.161798456
Defensive,0.15113447
Defensive,0.152021926
Defensive,0.248412596
Defensive,0.382147023
Defensive,0.32351438
Defensive,0.297308467
Defensive,0.183646897
Defensive,0.125027325
Defensive,0.132770389
Defensive,0.081254148
Defensive,0.096217193
Defensive,0.066910459
Defensive,-0.054979088
Defensive,-0.120442951
Defensive,-0.063416985
Defensive,0.009252853
Defensive,0.001356891
Defensive,0.036534094
Defensive,0.031092377
Defensive,0.019179495
Defensive,-0.112524387
Defensive,-0.057795108
Defensive,-0.080170872
Defensive,-0.116221231
Defensive,-0.10933592
Defensive,-0.177619471
Defensive,-0.100106619
Defensive,-0.081158464
Defensive,-0.103459333
Defensive,-0.016668425
Defensive,0.011194479
Defensive,0.046157938
Defensive,0.102780609
Defensive,0.140806072
Defensive,0.112380891
Defensive,0.108333356
Defensive,0.123042108
Defensive,0.176927634
Defensive,0.142594037
Defensive,0.089818402
Defensive,0.126612888
Defensive,0.2041339
Defensive,0.248259616
Defensive,0.32848389
Defensive,0.245796083
Defensive,0.242776324
Defensive,0.221674575
Defensive,0.178617101
Defensive,0.168665959
Defensive,0.131218833
Defensive,0.095264742
Defensive,0.010991833
Defensive,-0.036433966
Defensive,-0.141050523
Defensive,-0.042069218
Defensive,-0.019218257
Defensive,0.026284725
Defensive,0.046840598
Defensive,0.019585008
Defensive,0.055669437
Defensive,0.109718803
Defensive,0.072616085
Defensive,0.025328196
Defensive,-0.028812546
Defensive,-0.023488752
Defensive,0.010977737
Defensive,-0.033491039
Defensive,-0.072235952
Defensive,0.039240329
Defensive,0.079878358
Defensive,0.027024151
Defensive,0.002890258
Defensive,0.015424287
Defensive,0.089583056
Defensive,0.03584136
Defensive,-0.07451151
Defensive,-0.142843885
Defensive,-0.133403178
Defensive,-0.119792188
Defensive,-0.048623884
Defensive,-0.089307183
Defensive,-0.099353446
Defensive,-0.098721043
Defensive,-0.20030778
Defensive,-0.168168821
Defensive,-0.123628251
Defensive,0.047043348
Defensive,0.141249071
Defensive,0.009600122
Defensive,-0.116210931
Defensive,-0.055807345
Defensive,0.030536144
Defensive,0.113699148
Defensive,0.195475275
Defensive,0.249646673
Defensive,0.348009595
Defensive,0.289222538
Defensive,0.290611714
Defensive,0.317078755
Defensive,0.34339927
Defensive,0.269064298
Defensive,0.205304002
Defensive,0.255858983
Defensive,0.249964229
Defensive,0.133999635
Defensive,0.060076081
Defensive,0.002755482
Defensive,-0.069232423
Defensive,0.010991832
Defensive,0.071951775
Defensive,0.100972574
Defensive,-0.018399448
Defensive,0.011668419
Defensive,0.00096845
Defensive,0.094183304
Defensive,0.150014504
Defensive,0.129415165
Defensive,0.221313144
Defensive,0.270296219
Defensive,0.18023713
Defensive,0.202938291
Defensive,0.328518749
Defensive,0.211242687
Defensive,0.250011873
Defensive,-0.001321695
Defensive,-0.132711406
Defensive,-0.050884574
Defensive,-0.123797339
Defensive,-0.209693022
Defensive,-0.104983641
Defensive,-0.146913825
Defensive,-0.164280299
Defensive,-0.168403726
Defensive,-0.153832259
Defensive,0.072759665
Defensive,0.10735773
Defensive,0.15597115
Defensive,0.053523693
Defensive,0.123332151
Defensive,0.137038868
Defensive,0.250205686
Defensive,0.446291666
Defensive,0.462626127
Defensive,0.480039979
Defensive,0.944428624
Defensive,1.000615115
Defensive,0.731834079
Defensive,0.710382875
Defensive,0.304850033
Defensive,0.166329096
Defensive,0.16551506
Defensive,0.005715983
Defensive,0.11025969
Defensive,0.060450592
Defensive,-0.449217326
Defensive,-0.406691355
Defensive,-0.236723064
Defensive,-0.125565934
Defensive,0.222361553
Defensive,0.21050202
Defensive,0.330026114
Defensive,0.376320171
Defensive,0.123705008
Defensive,0.221579187
Defensive,0.263805179
Defensive,0.253931809
Defensive,0.419204108
Defensive,0.634920036
Defensive,0.40114369
Defensive,0.359585289
Defensive,-0.101384559
Defensive,-0.309424613
Defensive,-0.142403586
Defensive,-0.518703694
Defensive,-0.63634341
Defensive,-0.599362342
Defensive,-0.737299039
Defensive,-0.958885126
Defensive,-0.752960711
Defensive,-0.614504554
Defensive,-0.268224961
Defensive,-0.049368896
Defensive,0.061685804
Defensive,0.383740392
Defensive,0.497368128
Defensive,0.481734169
Defensive,0.534160175
Defensive,0.392477201
Defensive,0.39659364
Defensive,0.276321498
Defensive,0.204531867
Defensive,0.142708701
Defensive,0.082745927
Defensive,0.070864086
Defensive,0.05494302
Defensive,0.061562238
Defensive,-0.163106443
Defensive,-0.191512571
Defensive,-0.130120535
Defensive,-0.050684523
Defensive,0.07989596
Defensive,0.116389415
Defensive,0.086760701
Defensive,0.114468012
Defensive,0.000142231
Defensive,-0.003753235
Defensive,0.193331944
Defensive,0.380218537
Defensive,0.326893961
Defensive,0.405268906
Defensive,0.413020018
Defensive,0.350263755
Defensive,0.334731089
Defensive,0.309071094
Defensive,0.395895927
Defensive,0.360141109
Defensive,0.331701234
Defensive,0.264070623
Defensive,0.378779925
Defensive,0.456058582
Defensive,0.312853422
Defensive,0.319061183
Defensive,0.166408714
Defensive,0.138208388
Defensive,0.288993584
Defensive,0.291510048
Defensive,0.213473085
Defensive,0.370811251
Defensive,0.250168598
Defensive,0.075176922
Defensive,0.021480834
Defensive,-0.026417388
Defensive,0.145447821
Defensive,0.076342001
Defensive,0.02911148
Defensive,0.087132612
Defensive,0.280451017
Defensive,0.192829228
Defensive,0.223932259
Defensive,0.251051389
Defensive,0.38127224
Defensive,0.430514731
Defensive,0.425488588
Defensive,0.530353837
Defensive,0.445006007
Defensive,0.327557547
Defensive,0.190545565
Defensive,0.154698876
Defensive,0.068947246
Defensive,0.07354871
Defensive,0.079098064
Defensive,0.060750033
Defensive,0.027892601
Defensive,-0.003460237
Defensive,0.003171093
Defensive,0.010528809
Defensive,0.017849835
Defensive,-0.018860227
Defensive,0.030644743
Defensive,0.05286163
Defensive,-0.050146104
Defensive,-0.071316893
Defensive,-0.134659526
Defensive,-0.186193314
Defensive,-0.13748035
Defensive,-0.062934836
Defensive,0.039543016
Defensive,0.118623391
Defensive,0.159410629
Defensive,0.108614659
Defensive,0.153867898
Defensive,0.24295886
Defensive,0.254748805
Defensive,0.322797704
Defensive,0.32994514
Defensive,0.329105318
Defensive,0.186927305
Defensive,0.153833981
Defensive,0.088032036
Defensive,0.178370706
Defensive,0.1351778
Defensive,0.093869529
Defensive,0.11980504
Defensive,0.070605439
Defensive,0.030256563
Defensive,0.048877202
Defensive,0.165461203
Defensive,0.201048335
Defensive,0.22766805
Defensive,0.273221446
Defensive,0.20098115
Defensive,0.232750709
Defensive,0.237373844
Defensive,0.19767276
Defensive,0.263524487
Defensive,0.15850563
Defensive,0.059454909
Defensive,0.03746161
Defensive,0.115937498
Defensive,0.094988113
Defensive,0.265611611
Defensive,0.24589816
Defensive,0.242873047
Defensive,0.138258879
Defensive,0.044096525
Defensive,0.124689513
Defensive,0.055070131
Defensive,-0.074119417
Defensive,-0.151279964
Defensive,-0.305254867
Defensive,-0.357277926
Defensive,-0.284885753
Defensive,-0.263695324
Defensive,-0.090562765
Defensive,-0.113129946
Defensive,-0.130831882
Defensive,-0.032331858
Defensive,0.08305445
Defensive,0.101648822
Defensive,0.170491068
Defensive,0.125383807
Defensive,0.143513127
Defensive,0.054521605
Defensive,-0.104665614
Defensive,-0.013066495
Defensive,-0.045890959
Defensive,-0.126025118
Defensive,-0.14467465
Defensive,-0.016154298
Defensive,0.019721519
Defensive,0.017886422
Defensive,-0.03181579
Defensive,-0.086547282
Defensive,0.067619525
Defensive,0.029923564
Defensive,-0.093178048
Defensive,0.026180899
Defensive,0.092296305
Defensive,-0.034100501
Defensive,-0.04105414
Defensive,0.036768959
Defensive,0.079350757
Defensive,0.136151379
Defensive,0.134553003
Defensive,0.034818982
Defensive,0.29000987
Defensive,0.308819147
Defensive,0.40986053
Defensive,0.397682096
Defensive,0.251509455
Defensive,0.234240445
Defensive,0.020886788
Defensive,0.041902814
Defensive,0.006353236
Defensive,-0.05536721
Defensive,-0.208048952
Defensive,-0.20184853
Defensive,-0.389306892
Defensive,-0.555026974
Defensive,-0.45136174
Defensive,-0.546176918
Defensive,-0.436039833
Defensive,-0.321839843
Defensive,-0.224241952
Defensive,-0.097421322
Defensive,0.023076341
Defensive,0.005638081
Defensive,0.100992408
Defensive,0.260822166
Defensive,0.218003025
Defensive,0.351937135
Defensive,0.326613633
Defensive,0.265545537
Defensive,0.157439335
Defensive,0.253430689
Defensive,0.174641883
Defensive,0.180557653
Defensive,0.176363835
Defensive,0.132339331
Defensive,0.04630008
Defensive,-0.018403608
Defensive,0.067587373
Defensive,0.032488342
Defensive,0.041276428
Defensive,0.018755204
Defensive,-0.023890195
Defensive,-0.092967844
Defensive,-0.038300315
Defensive,0.091198754
Defensive,0.18340692
Defensive,0.241492777
Defensive,0.275104505
Defensive,0.287489609
Defensive,0.446451909
Defensive,0.433209543
Defensive,0.514629033
Defensive,0.566376399
Defensive,0.455469401
Defensive,0.371192565
Defensive,0.373264099
Defensive,0.171475232
Defensive,0.132721526
Defensive,0.126086139
Defensive,-0.040001503
Defensive,-0.103330638
Defensive,-0.136895064
Defensive,-0.126425102
Defensive,-0.05575376
Defensive,0.017511106
Defensive,-0.039171937
Defensive,0.028021997
Defensive,-0.054951229
Defensive,-0.059681588
Defensive,0.086306387
Defensive,0.151196874
Defensive,0.096041334
Defensive,0.016887415
Defensive,0.087594297
Defensive,0.071264137
Defensive,0.120763992
Defensive,0.351150225
Defensive,0.333834274
Defensive,0.570981238
Defensive,0.503188308
Defensive,0.528426765
Defensive,0.138563032
Defensive,0.085426774
Defensive,-0.032745665
Defensive,0.01349264
Defensive,-0.182625827
Defensive,-0.361730419
Defensive,-0.275259504
Defensive,-0.573762399
Defensive,-0.769101546
Defensive,-0.849197729
Defensive,-0.386601007
Defensive,-0.288534396
Defensive,-0.2746261
Defensive,-0.413004195
Defensive,-0.150991709
Defensive,0.057114086
Defensive,0.116006347
Defensive,0.124532438
Defensive,0.058975704
Defensive,0.05352494
Defensive,0.031470254
Defensive,0.034235504
Defensive,-0.148224648
Defensive,-0.226204064
Defensive,-0.237772947
Defensive,-0.477836119
Defensive,-0.587612212
Defensive,-0.483199653
Defensive,-0.238513223
Defensive,-0.145986444
Defensive,-0.132438079
Defensive,-0.238782765
Defensive,0.000627353
Defensive,-0.044237543
Defensive,-0.084082638
Defensive,0.001440442
Defensive,0.002907751
Defensive,-0.077457963
Defensive,-0.086677157
Defensive,-0.141683971
Defensive,-0.073345008
Defensive,0.042617938
Defensive,0.002646361
Defensive,0.024473694
Defensive,0.008459003
Defensive,0.083455965
Defensive,0.107645416
Defensive,0.10350302
Defensive,-0.004758561
Defensive,0.069335024
Defensive,0.002233323
Defensive,-0.143395348
Defensive,-0.179687473
Defensive,0.030837067
Defensive,0.164442682
Defensive,0.076075322
Defensive,-0.057480473
Defensive,0.034534871
Defensive,0.123089086
Defensive,0.071563827
Defensive,-0.043891917
Defensive,-0.002390985
Defensive,0.005087747
Defensive,-0.061803657
Defensive,-0.153506747
Defensive,-0.076573432
Defensive,0.066968148
Defensive,0.10490216
Defensive,0.067957525
Defensive,0.095501084
Defensive,-0.001426914
Defensive,0.042776989
Defensive,0.120313225
Defensive,-0.08354235
Defensive,-0.163595139
Defensive,-0.21956897
Defensive,-0.253946524
Defensive,-0.47245832
Defensive,-0.457629186
Defensive,-0.493597501
Defensive,-0.329340757
Defensive,-0.386787753
Defensive,-0.456574188
Defensive,-0.175404596
Defensive,-0.061848469
Defensive,-0.049639565
Defensive,0.048714571
Defensive,0.226101556
Defensive,0.216042875
Defensive,0.227528142
Defensive,0.275880411
Defensive,0.425104116
Defensive,0.580627089
Defensive,0.608286785
Defensive,0.687672129
Defensive,0.642571736
Defensive,0.424608329
Defensive,0.437364659
Defensive,0.392333835
Defensive,0.195091841
Defensive,0.20130741
Defensive,0.182579718
Defensive,0.126193024
Defensive,-0.098032208
Defensive,-0.410992204
Defensive,-0.433787217
Defensive,-0.212238087
Defensive,-0.228576289
Defensive,-0.265262065
Defensive,-0.13707277
Defensive,-0.002633254
Defensive,-0.170396966
Defensive,-0.428393605
Defensive,-0.321315159
Defensive,-0.0075832
Defensive,0.087338936
Defensive,-0.056499284
Defensive,-0.067525159
Defensive,0.056765682
Defensive,0.06587094
Defensive,-0.017352331
Defensive,0.179915048
Defensive,0.14075166
Defensive,0.080153525
Defensive,-0.068611451
Defensive,-0.081825115
Defensive,0.066679918
Defensive,0.110835543
Defensive,0.102002747
Defensive,0.138979005
Defensive,0.118099278
Defensive,-0.000293365
Defensive,0.220471777
Defensive,0.258920385
Defensive,0.322897022
Defensive,0.301867324
Defensive,0.206197124
Defensive,0.209411278
Defensive,0.19640935
Defensive,0.254530856
Defensive,0.289057272
Defensive,0.337163213
Defensive,0.319814036
Defensive,0.427243861
Defensive,0.370302595
Defensive,0.403713235
Defensive,0.339102875
Defensive,0.27961876
Defensive,0.304958217
Defensive,0.250763271
Defensive,0.29560648
Defensive,0.425423798
Defensive,0.384814707
Defensive,0.277248623
Defensive,0.303842873
Defensive,0.212441255
Defensive,0.281465721
Defensive,0.156913056
Defensive,0.079479315
Defensive,0.020335667
Defensive,-0.06949669
Defensive,-0.213872848
Defensive,-0.048643047
Defensive,0.063352045
Defensive,0.068635457
Defensive,-0.149682807
Defensive,-0.187734031
Defensive,-0.281369173
Defensive,-0.280254814
Defensive,-0.363063204
Defensive,-0.385880548
Defensive,-0.337381741
Defensive,-0.496521716
Defensive,-0.536476409
Defensive,-0.559783356
Defensive,-0.259551073
Defensive,-0.225107155
Defensive,-0.050209652
Defensive,0.13581555
Defensive,0.292263439
Defensive,0.228034209
Defensive,0.150597845
Defensive,0.218155107
Defensive,0.165648571
Defensive,0.17197067
Defensive,0.162591843
Defensive,0.090502323
Very Aggressive,0.231406846
Very Aggressive,0.266136555
Very Aggressive,0.201667929
Very Aggressive,0.259662678
Very Aggressive,-0.098436702
Very Aggressive,-0.145982977
Very Aggressive,-0.101696322
Very Aggressive,-0.312460781
Very Aggressive,-0.544861116
Very Aggressive,-0.106802886
Very Aggressive,0.459695586
Very Aggressive,0.8821402
Very Aggressive,1.396253613
Very Aggressive,0.895644905
Very Aggressive,0.609363163
Very Aggressive,0.769827215
Very Aggressive,0.915922914
Very Aggressive,1.04312717
Very Aggressive,1.371829646
Very Aggressive,1.471887661
Very Aggressive,1.004151542
Very Aggressive,0.589868197
Very Aggressive,0.389058574
Very Aggressive,0.726830082
Very Aggressive,1.160821337
Very Aggressive,1.26805188
Very Aggressive,1.568665216
Very Aggressive,1.404893991
Very Aggressive,1.113859679
Very Aggressive,0.920602434
Very Aggressive,1.247120047
Very Aggressive,1.161592259
Very Aggressive,1.141227725
Very Aggressive,1.032845945
Very Aggressive,0.947557034
Very Aggressive,0.80981491
Very Aggressive,0.483954071
Very Aggressive,0.680832488
Very Aggressive,0.682297746
Very Aggressive,0.934352535
Very Aggressive,0.63345229
Very Aggressive,0.626892684
Very Aggressive,0.626142718
Very Aggressive,0.646738015
Very Aggressive,0.63214342
Very Aggressive,0.704998487
Very Aggressive,0.825524561
Very Aggressive,0.826086421
Very Aggressive,0.8140226
Very Aggressive,0.71683237
Very Aggressive,0.906878732
Very Aggressive,0.953086894
Very Aggressive,0.951038953
Very Aggressive,0.993764173
Very Aggressive,0.91948833
Very Aggressive,0.865671249
Very Aggressive,0.610604484
Very Aggressive,0.531388181
Very Aggressive,0.720096287
Very Aggressive,0.70756755
Very Aggressive,0.332414035
Very Aggressive,0.396152275
Very Aggressive,0.153548728
Very Aggressive,0.197822817
Very Aggressive,0.041926888
Very Aggressive,-0.000340037
Very Aggressive,-0.016924817
Very Aggressive,-0.129826407
Very Aggressive,-0.075315041
Very Aggressive,-0.43433522
Very Aggressive,-0.188132886
Very Aggressive,-0.232632489
Very Aggressive,-0.099704634
Very Aggressive,-0.182218757
Very Aggressive,0.013425035
Very Aggressive,-0.035337949
Very Aggressive,0.119571085
Very Aggressive,0.013731628
Very Aggressive,-0.30672147
Very Aggressive,-0.134972113
Very Aggressive,0.001694539
Very Aggressive,0.036298425
Very Aggressive,0.129337783
Very Aggressive,0.080893817
Very Aggressive,-0.049754523
Very Aggressive,-0.062903894
Very Aggressive,-0.270864035
Very Aggressive,-0.089202235
Very Aggressive,-0.074315035
Very Aggressive,-0.198974705
Very Aggressive,-0.364817252
Very Aggressive,-0.671356245
Very Aggressive,-0.728422325
Very Aggressive,-0.707986525
Very Aggressive,-0.570553867
Very Aggressive,-0.456793593
Very Aggressive,-0.337307937
Very Aggressive,-0.404652724
Very Aggressive,-0.400018534
Very Aggressive,-0.293052614
Very Aggressive,-0.055362854
Very Aggressive,0.262490411
Very Aggressive,0.273438807
Very Aggressive,0.255656373
Very Aggressive,0.376582899
Very Aggressive,0.362150395
Very Aggressive,0.502647655
Very Aggressive,0.499790769
Very Aggressive,0.788918011
Very Aggressive,0.783906583
Very Aggressive,0.592278867
Very Aggressive,0.455760498
Very Aggressive,0.494379764
Very Aggressive,0.537592455
Very Aggressive,0.476177332
Very Aggressive,0.35973088
Very Aggressive,0.373068044
Very Aggressive,0.421552593
Very Aggressive,0.39936892
Very Aggressive,0.403776443
Very Aggressive,0.679729938
Very Aggressive,1.057117841
Very Aggressive,0.889052132
Very Aggressive,0.817256816
Very Aggressive,0.492833986
Very Aggressive,0.327609601
Very Aggressive,0.345189155
Very Aggressive,0.200660166
Very Aggressive,0.242762005
Very Aggressive,0.161441052
Very Aggressive,-0.18721923
Very Aggressive,-0.378537131
Very Aggressive,-0.210800447
Very Aggressive,0.001236521
Very Aggressive,-0.022054204
Very Aggressive,0.076632628
Very Aggressive,0.067389854
Very Aggressive,0.035346805
Very Aggressive,-0.342829313
Very Aggressive,-0.18818649
Very Aggressive,-0.263610341
Very Aggressive,-0.364314101
Very Aggressive,-0.344683787
Very Aggressive,-0.54242507
Very Aggressive,-0.322746143
Very Aggressive,-0.268631013
Very Aggressive,-0.33044695
Very Aggressive,-0.098946431
Very Aggressive,-0.021451463
Very Aggressive,0.077364074
Very Aggressive,0.249683201
Very Aggressive,0.359243463
Very Aggressive,0.269337228
Very Aggressive,0.26071055
Very Aggressive,0.306131144
Very Aggressive,0.455220877
Very Aggressive,0.354934934
Very Aggressive,0.210721017
Very Aggressive,0.317286533
Very Aggressive,0.53713276
Very Aggressive,0.666722125
Very Aggressive,0.900356826
Very Aggressive,0.664880643
Very Aggressive,0.652479835
Very Aggressive,0.594095993
Very Aggressive,0.480504457
Very Aggressive,0.455556442
Very Aggressive,0.351389628
Very Aggressive,0.248797586
Very Aggressive,0.01460065
Very Aggressive,-0.111354604
Very Aggressive,-0.410489747
Very Aggressive,-0.12427551
Very Aggressive,-0.062335866
Very Aggressive,0.066553242
Very Aggressive,0.119237606
Very Aggressive,0.036936045
Very Aggressive,0.139627402
Very Aggressive,0.291626298
Very Aggressive,0.179839778
Very Aggressive,0.033139107
Very Aggressive,-0.127917113
Very Aggressive,-0.099964292
Very Aggressive,-0.006081755
Very Aggressive,-0.131496144
Very Aggressive,-0.247327509
Very Aggressive,0.062579724
Very Aggressive,0.180523124
Very Aggressive,0.024370614
Very Aggressive,-0.040516978
Very Aggressive,-0.006239292
Very Aggressive,0.204203186
Very Aggressive,0.041899441
Very Aggressive,-0.260976471
Very Aggressive,-0.457715857
Very Aggressive,-0.423340001
Very Aggressive,-0.382435987
Very Aggressive,-0.178022501
Very Aggressive,-0.287486754
Very Aggressive,-0.320675585
Very Aggressive,-0.319625455
Very Aggressive,-0.604236669
Very Aggressive,-0.507021598
Very Aggressive,-0.389526371
Very Aggressive,0.093815862
Very Aggressive,0.354577781
Very Aggressive,-0.014800052
Very Aggressive,-0.369795369
Very Aggressive,-0.195184099
Very Aggressive,0.039102147
Very Aggressive,0.259453676
Very Aggressive,0.487136437
Very Aggressive,0.630104196
Very Aggressive,0.911950611
Very Aggressive,0.743288138
Very Aggressive,0.757921159
Very Aggressive,0.843675333
Very Aggressive,0.921324153
Very Aggressive,0.711613072
Very Aggressive,0.543790508
Very Aggressive,0.719954622
Very Aggressive,0.715033079
Very Aggressive,0.398344459
Very Aggressive,0.190378551
Very Aggressive,0.026327052
Very Aggressive,-0.1821632
Very Aggressive,0.03211199
Very Aggressive,0.200153753
Very Aggressive,0.278475349
Very Aggressive,-0.057872216
Very Aggressive,0.024368213
Very Aggressive,-0.0108167
Very Aggressive,0.242018766
Very Aggressive,0.406011612
Very Aggressive,0.351495916
Very Aggressive,0.614624461
Very Aggressive,0.753875375
Very Aggressive,0.496499006
Very Aggressive,0.566108578
Very Aggressive,0.917696124
Very Aggressive,0.579115868
Very Aggressive,0.683640974
Very Aggressive,-0.024843598
Very Aggressive,-0.390337756
Very Aggressive,-0.153407051
Very Aggressive,-0.364463245
Very Aggressive,-0.602417077
Very Aggressive,-0.305460539
Very Aggressive,-0.428247326
Very Aggressive,-0.474201659
Very Aggressive,-0.493175069
Very Aggressive,-0.451406478
Very Aggressive,0.185000432
Very Aggressive,0.283680415
Very Aggressive,0.425656635
Very Aggressive,0.138782104
Very Aggressive,0.334431713
Very Aggressive,0.377382564
Very Aggressive,0.701237931
Very Aggressive,1.259448131
Very Aggressive,1.305845605
Very Aggressive,1.357955823
Very Aggressive,2.673046572
Very Aggressive,2.823167412
Very Aggressive,2.054590505
Very Aggressive,1.98379494
Very Aggressive,0.830479878
Very Aggressive,0.436041824
Very Aggressive,0.429274933
Very Aggressive,-0.019168159
Very Aggressive,0.282645977
Very Aggressive,0.139495658
Very Aggressive,-1.298617771
Very Aggressive,-1.177115452
Very Aggressive,-0.699665878
Very Aggressive,-0.378271348
Very Aggressive,0.608739044
Very Aggressive,0.57215611
Very Aggressive,0.913901234
Very Aggressive,1.042502474
Very Aggressive,0.3263172
Very Aggressive,0.608422892
Very Aggressive,0.730812817
Very Aggressive,0.702195213
Very Aggressive,1.178750919
Very Aggressive,1.791953169
Very Aggressive,1.129322109
Very Aggressive,1.0147568
Very Aggressive,-0.307332649
Very Aggressive,-0.908786495
Very Aggressive,-0.43582095
Very Aggressive,-1.512870271
Very Aggressive,-1.847195879
Very Aggressive,-1.74453006
Very Aggressive,-2.140267114
Very Aggressive,-2.763189135
Very Aggressive,-2.177282561
Very Aggressive,-1.786686034
Very Aggressive,-0.791742471
Very Aggressive,-0.159636799
Very Aggressive,0.156865807
Very Aggressive,1.077815647
Very Aggressive,1.400968317
Very Aggressive,1.359702174
Very Aggressive,1.51262112
Very Aggressive,1.10130003
Very Aggressive,1.109876115
Very Aggressive,0.76721346
Very Aggressive,0.561553941
Very Aggressive,0.386822517
Very Aggressive,0.216755077
Very Aggressive,0.186586921
Very Aggressive,0.142050563
Very Aggressive,0.157830702
Very Aggressive,-0.488572907
Very Aggressive,-0.577195204
Very Aggressive,-0.397820486
Very Aggressive,-0.172675475
Very Aggressive,0.206676741
Very Aggressive,0.306176377
Very Aggressive,0.221501617
Very Aggressive,0.297940755
Very Aggressive,-0.029114093
Very Aggressive,-0.04141148
Very Aggressive,0.528908161
Very Aggressive,1.067059346
Very Aggressive,0.908590802
Very Aggressive,1.142214709
Very Aggressive,1.159485011
Very Aggressive,0.979519921
Very Aggressive,0.924769757
Very Aggressive,0.848180199
Very Aggressive,1.095840327
Very Aggressive,0.985137559
Very Aggressive,0.904046957
Very Aggressive,0.716129437
Very Aggressive,1.045068336
Very Aggressive,1.245176675
Very Aggressive,0.826262386
Very Aggressive,0.849026766
Very Aggressive,0.425967958
Very Aggressive,0.346090145
Very Aggressive,0.77638967
Very Aggressive,0.79150576
Very Aggressive,0.561056283
Very Aggressive,1.014284083
Very Aggressive,0.679421061
Very Aggressive,0.193096398
Very Aggressive,0.052542088
Very Aggressive,-0.106317319
Very Aggressive,0.375858046
Very Aggressive,0.181532286
Very Aggressive,0.029929275
Very Aggressive,0.195420539
Very Aggressive,0.740723375
Very Aggressive,0.48229846
Very Aggressive,0.5907864
Very Aggressive,0.670071028
Very Aggressive,1.041469752
Very Aggressive,1.206088395
Very Aggressive,1.202650043
Very Aggressive,1.497800238
Very Aggressive,1.262319949
Very Aggressive,0.95097586
Very Aggressive,0.581541502
Very Aggressive,0.494961403
Very Aggressive,0.224079218
Very Aggressive,0.23673524
Very Aggressive,0.249972191
Very Aggressive,0.192507262
Very Aggressive,0.096845278
Very Aggressive,0.000454804
Very Aggressive,0.026560606
Very Aggressive,0.024692117
Very Aggressive,0.033284311
Very Aggressive,-0.086608893
Very Aggressive,0.058648743
Very Aggressive,0.122514116
Very Aggressive,-0.175024322
Very Aggressive,-0.229931441
Very Aggressive,-0.405173287
Very Aggressive,-0.539088165
Very Aggressive,-0.396745719
Very Aggressive,-0.192568714
Very Aggressive,0.096713812
Very Aggressive,0.323642831
Very Aggressive,0.440408291
Very Aggressive,0.291028177
Very Aggressive,0.421638139
Very Aggressive,0.663932499
Very Aggressive,0.687254718
Very Aggressive,0.877988863
Very Aggressive,0.891434771
Very Aggressive,0.902924551
Very Aggressive,0.493582077
Very Aggressive,0.401870058
Very Aggressive,0.210740818
Very Aggressive,0.474761821
Very Aggressive,0.353537582
Very Aggressive,0.233749046
Very Aggressive,0.303720166
Very Aggressive,0.152894445
Very Aggressive,0.035953824
Very Aggressive,0.084382643
Very Aggressive,0.417196224
Very Aggressive,0.521363314
Very Aggressive,0.596204098
Very Aggressive,0.723914394
Very Aggressive,0.516275001
Very Aggressive,0.607576397
Very Aggressive,0.620928569
Very Aggressive,0.514468415
Very Aggressive,0.706285467
Very Aggressive,0.405149224
Very Aggressive,0.121198965
Very Aggressive,0.052184415
Very Aggressive,0.280770809
Very Aggressive,0.223661993
Very Aggressive,0.708982522
Very Aggressive,0.655610824
Very Aggressive,0.653531822
Very Aggressive,0.353273048
Very Aggressive,0.081617835
Very Aggressive,0.318949393
Very Aggressive,0.131106995
Very Aggressive,-0.24735808
Very Aggressive,-0.474395478
Very Aggressive,-0.933334619
Very Aggressive,-1.083329022
Very Aggressive,-0.872100668
Very Aggressive,-0.811671729
Very Aggressive,-0.309630028
Very Aggressive,-0.365031189
Very Aggressive,-0.427032418
Very Aggressive,-0.161463222
Very Aggressive,0.176698684
Very Aggressive,0.239602945
Very Aggressive,0.44757194
Very Aggressive,0.322271938
Very Aggressive,0.372275723
Very Aggressive,0.118151995
Very Aggressive,-0.349084147
Very Aggressive,-0.084174195
Very Aggressive,-0.18958841
Very Aggressive,-0.424329917
Very Aggressive,-0.484790369
Very Aggressive,-0.130597992
Very Aggressive,-0.027101341
Very Aggressive,-0.036386179
Very Aggressive,-0.18078137
Very Aggressive,-0.342671415
Very Aggressive,0.110242918
Very Aggressive,-0.002588997
Very Aggressive,-0.327985791
Very Aggressive,0.031231855
Very Aggressive,0.219400149
Very Aggressive,-0.141165974
Very Aggressive,-0.159146444
Very Aggressive,0.065250162
Very Aggressive,0.190371245
Very Aggressive,0.355517527
Very Aggressive,0.345430059
Very Aggressive,0.056313789
Very Aggressive,0.781136416
Very Aggressive,0.832659102
Very Aggressive,1.133002906
Very Aggressive,1.100303412
Very Aggressive,0.683174735
Very Aggressive,0.635054078
Very Aggressive,0.019671036
Very Aggressive,0.087485622
Very Aggressive,-0.011919184
Very Aggressive,-0.187989681
Very Aggressive,-0.63310765
Very Aggressive,-0.611732864
Very Aggressive,-1.149157893
Very Aggressive,-1.622978295
Very Aggressive,-1.33119625
Very Aggressive,-1.603909512
Very Aggressive,-1.287971285
Very Aggressive,-0.961816198
Very Aggressive,-0.678523272
Very Aggressive,-0.313984754
Very Aggressive,0.036680318
Very Aggressive,-0.023287944
Very Aggressive,0.253622439
Very Aggressive,0.712496795
Very Aggressive,0.589314649
Very Aggressive,0.974064051
Very Aggressive,0.910053116
Very Aggressive,0.728899289
Very Aggressive,0.419885805
Very Aggressive,0.697367793
Very Aggressive,0.469056823
Very Aggressive,0.483701374
Very Aggressive,0.470165984
Very Aggressive,0.349091044
Very Aggressive,0.113533039
Very Aggressive,-0.07022268
Very Aggressive,0.157884856
Very Aggressive,0.055650206
Very Aggressive,0.074630796
Very Aggressive,0.011654555
Very Aggressive,-0.101087541
Very Aggressive,-0.28776758
Very Aggressive,-0.143273877
Very Aggressive,0.225768021
Very Aggressive,0.484092611
Very Aggressive,0.649824655
Very Aggressive,0.752820404
Very Aggressive,0.793221037
Very Aggressive,1.24488452
Very Aggressive,1.201497489
Very Aggressive,1.419069833
Very Aggressive,1.563571158
Very Aggressive,1.254092162
Very Aggressive,1.005902666
Very Aggressive,1.013327649
Very Aggressive,0.434970061
Very Aggressive,0.334397282
Very Aggressive,0.319490516
Very Aggressive,-0.147657396
Very Aggressive,-0.32594886
Very Aggressive,-0.4153175
Very Aggressive,-0.397278408
Very Aggressive,-0.200282285
Very Aggressive,0.012111185
Very Aggressive,-0.155970358
Very Aggressive,0.025931308
Very Aggressive,-0.2116919
Very Aggressive,-0.225753726
Very Aggressive,0.192752855
Very Aggressive,0.395774385
Very Aggressive,0.23834892
Very Aggressive,0.022386007
Very Aggressive,0.23083326
Very Aggressive,0.189767896
Very Aggressive,0.337768685
Very Aggressive,1.00303813
Very Aggressive,0.959855085
Very Aggressive,1.622564812
Very Aggressive,1.425372598
Very Aggressive,1.490490348
Very Aggressive,0.390988416
Very Aggressive,0.249370978
Very Aggressive,-0.085748631
Very Aggressive,0.041749011
Very Aggressive,-0.532703834
Very Aggressive,-1.045995018
Very Aggressive,-0.809259456
Very Aggressive,-1.659906369
Very Aggressive,-2.213262005
Very Aggressive,-2.459955816
Very Aggressive,-1.153688804
Very Aggressive,-0.878246444
Very Aggressive,-0.83498437
Very Aggressive,-1.234275839
Very Aggressive,-0.48269789
Very Aggressive,0.119925048
Very Aggressive,0.290449915
Very Aggressive,0.319488517
Very Aggressive,0.125636839
Very Aggressive,0.117584771
Very Aggressive,0.067874111
Very Aggressive,0.072133713
Very Aggressive,-0.454105605
Very Aggressive,-0.676965294
Very Aggressive,-0.696916359
Very Aggressive,-1.388260973
Very Aggressive,-1.710788465
Very Aggressive,-1.415134298
Very Aggressive,-0.719095158
Very Aggressive,-0.460090174
Very Aggressive,-0.442135209
Very Aggressive,-0.75228046
Very Aggressive,-0.070107453
Very Aggressive,-0.199433775
Very Aggressive,-0.319455862
Very Aggressive,-0.071316706
Very Aggressive,-0.057734909
Very Aggressive,-0.290930965
Very Aggressive,-0.313979009
Very Aggressive,-0.462996816
Very Aggressive,-0.26224064
Very Aggressive,0.082687117
Very Aggressive,-0.032362641
Very Aggressive,0.032969976
Very Aggressive,-0.010258272
Very Aggressive,0.203745797
Very Aggressive,0.265255725
Very Aggressive,0.255751167
Very Aggressive,-0.052983887
Very Aggressive,0.150544169
Very Aggressive,-0.036998447
Very Aggressive,-0.465052791
Very Aggressive,-0.566942625
Very Aggressive,0.0316088
Very Aggressive,0.440537306
Very Aggressive,0.203799487
Very Aggressive,-0.1787192
Very Aggressive,0.091102706
Very Aggressive,0.344115461
Very Aggressive,0.202023773
Very Aggressive,-0.132919165
Very Aggressive,-0.016247325
Very Aggressive,-0.001626334
Very Aggressive,-0.192296033
Very Aggressive,-0.480829205
Very Aggressive,-0.27902475
Very Aggressive,0.132974197
Very Aggressive,0.236380985
Very Aggressive,0.129121438
Very Aggressive,0.208240811
Very Aggressive,-0.052171015
Very Aggressive,0.069707694
Very Aggressive,0.298733446
Very Aggressive,-0.25137577
Very Aggressive,-0.480665244
Very Aggressive,-0.658338512
Very Aggressive,-0.778974521
Very Aggressive,-1.397673822
Very Aggressive,-1.353659008
Very Aggressive,-1.4639463
Very Aggressive,-1.009897176
Very Aggressive,-1.173631779
Very Aggressive,-1.375829962
Very Aggressive,-0.606231074
Very Aggressive,-0.285136627
Very Aggressive,-0.243471207
Very Aggressive,0.062829221
Very Aggressive,0.566390792
Very Aggressive,0.540405554
Very Aggressive,0.569150497
Very Aggressive,0.711424637
Very Aggressive,1.146654518
Very Aggressive,1.588184941
Very Aggressive,1.673281024
Very Aggressive,1.895527455
Very Aggressive,1.776604389
Very Aggressive,1.146311306
Very Aggressive,1.176950394
Very Aggressive,1.042485925
Very Aggressive,0.483124338
Very Aggressive,0.495810769
Very Aggressive,0.439042987
Very Aggressive,0.282045446
Very Aggressive,-0.357182552
Very Aggressive,-1.248582613
Very Aggressive,-1.308430841
Very Aggressive,-0.669280184
Very Aggressive,-0.744760947
Very Aggressive,-0.838352573
Very Aggressive,-0.467487734
Very Aggressive,-0.087016121
Very Aggressive,-0.560766753
Very Aggressive,-1.293053349
Very Aggressive,-1.001911168
Very Aggressive,-0.103065872
Very Aggressive,0.159390751
Very Aggressive,-0.25065137
Very Aggressive,-0.246679281
Very Aggressive,0.097611233
Very Aggressive,0.124992476
Very Aggressive,-0.107517538
Very Aggressive,0.459217037
Very Aggressive,0.337138747
Very Aggressive,0.173844832
Very Aggressive,-0.243906809
Very Aggressive,-0.271197249
Very Aggressive,0.15867903
Very Aggressive,0.290415903
Very Aggressive,0.263315261
Very Aggressive,0.370648295
Very Aggressive,0.313565198
Very Aggressive,-0.023555763
Very Aggressive,0.61321033
Very Aggressive,0.718881205
Very Aggressive,0.901842795
Very Aggressive,0.837291276
Very Aggressive,0.567095595
Very Aggressive,0.570554938
Very Aggressive,0.534832805
Very Aggressive,0.689468771
Very Aggressive,0.7869671
Very Aggressive,0.920547061
Very Aggressive,0.872579728
Very Aggressive,1.188393234
Very Aggressive,1.020549108
Very Aggressive,1.119155698
Very Aggressive,0.928971151
Very Aggressive,0.755891262
Very Aggressive,0.826132628
Very Aggressive,0.680450487
Very Aggressive,0.810922228
Very Aggressive,1.178099408
Very Aggressive,1.055074661
Very Aggressive,0.714454707
Very Aggressive,0.782127897
Very Aggressive,0.512422728
Very Aggressive,0.707215956
Very Aggressive,0.355792695
Very Aggressive,0.144353392
Very Aggressive,-0.025065478
Very Aggressive,-0.288222501
Very Aggressive,-0.693120633
Very Aggressive,-0.211395824
Very Aggressive,0.148308517
Very Aggressive,0.183060065
Very Aggressive,-0.442689894
Very Aggressive,-0.551293795
Very Aggressive,-0.829689057
Very Aggressive,-0.82733907
Very Aggressive,-1.070307654
Very Aggressive,-1.129069598
Very Aggressive,-0.994530262
Very Aggressive,-1.452148097
Very Aggressive,-1.589835683
Very Aggressive,-1.673401361
Very Aggressive,-0.808485534
Very Aggressive,-0.707345636
Very Aggressive,-0.195333357
Very Aggressive,0.324452229
Very Aggressive,0.776659419
Very Aggressive,0.591703618
Very Aggressive,0.367424867
Very Aggressive,0.552366862
Very Aggressive,0.408798523
Very Aggressive,0.434813614
Very Aggressive,0.411443221
Very Aggressive,0.196953265
Very Defensive,0.066818901
Very Defensive,0.075347361
Very Defensive,0.060108913
Very Defensive,0.075378916
Very Defensive,-0.014038077
Very Defensive,-0.025059627
Very Defensive,-0.014804182
Very Defensive,-0.065273713
Very Defensive,-0.122013208
Very Defensive,-0.013608369
Very Defensive,0.128217546
Very Defensive,0.23579202
Very Defensive,0.363859179
Very Defensive,0.237673431
Very Defensive,0.166135573
Very Defensive,0.203783395
Very Defensive,0.24438506
Very Defensive,0.275246363
Very Defensive,0.355570937
Very Defensive,0.382791042
Very Defensive,0.26865579
Very Defensive,0.162814466
Very Defensive,0.11222671
Very Defensive,0.196857107
Very Defensive,0.304304586
Very Defensive,0.332349043
Very Defensive,0.405588162
Very Defensive,0.362049424
Very Defensive,0.286633653
Very Defensive,0.237052211
Very Defensive,0.318899028
Very Defensive,0.298150937
Very Defensive,0.293987893
Very Defensive,0.266522274
Very Defensive,0.246994657
Very Defensive,0.214539332
Very Defensive,0.132024108
Very Defensive,0.183609784
Very Defensive,0.185677744
Very Defensive,0.249975106
Very Defensive,0.172309052
Very Defensive,0.1717234
Very Defensive,0.171243695
Very Defensive,0.176161884
Very Defensive,0.171632423
Very Defensive,0.189306384
Very Defensive,0.218912165
Very Defensive,0.220959673
Very Defensive,0.216611888
Very Defensive,0.19291927
Very Defensive,0.241671744
Very Defensive,0.252652765
Very Defensive,0.251708173
Very Defensive,0.262654448
Very Defensive,0.243202293
Very Defensive,0.229687613
Very Defensive,0.166061093
Very Defensive,0.145158572
Very Defensive,0.192521534
Very Defensive,0.189359043
Very Defensive,0.090499767
Very Defensive,0.105861052
Very Defensive,0.046374059
Very Defensive,0.058638215
Very Defensive,0.021138102
Very Defensive,0.010231634
Very Defensive,0.007467725
Very Defensive,-0.019793272
Very Defensive,-0.004628304
Very Defensive,-0.091368749
Very Defensive,-0.025844763
Very Defensive,-0.038133799
Very Defensive,-0.005970892
Very Defensive,-0.026487609
Very Defensive,0.021788675
Very Defensive,0.009118595
Very Defensive,0.046527118
Very Defensive,0.019262198
Very Defensive,-0.060042053
Very Defensive,-0.020318389
Very Defensive,0.013227391
Very Defensive,0.02355805
Very Defensive,0.048698878
Very Defensive,0.035113905
Very Defensive,0.002219115
Very Defensive,-0.000896217
Very Defensive,-0.05174881
Very Defensive,-0.005506977
Very Defensive,-0.003976855
Very Defensive,-0.036745115
Very Defensive,-0.079513542
Very Defensive,-0.157018914
Very Defensive,-0.171313387
Very Defensive,-0.16625027
Very Defensive,-0.130442362
Very Defensive,-0.101423639
Very Defensive,-0.073062379
Very Defensive,-0.09083324
Very Defensive,-0.089285252
Very Defensive,-0.06034579
Very Defensive,0.001555615
Very Defensive,0.082704497
Very Defensive,0.083338328
Very Defensive,0.079237049
Very Defensive,0.106631948
Very Defensive,0.103790077
Very Defensive,0.139898101
Very Defensive,0.1413869
Very Defensive,0.215575208
Very Defensive,0.214668414
Very Defensive,0.166421681
Very Defensive,0.129341782
Very Defensive,0.141308982
Very Defensive,0.152943786
Very Defensive,0.139260149
Very Defensive,0.108230047
Very Defensive,0.111050428
Very Defensive,0.120862445
Very Defensive,0.112395092
Very Defensive,0.112841838
Very Defensive,0.181658971
Very Defensive,0.277632871
Very Defensive,0.235806938
Very Defensive,0.216780599
Very Defensive,0.135626709
Very Defensive,0.093507835
Very Defensive,0.099667286
Very Defensive,0.062429779
Very Defensive,0.073204462
Very Defensive,0.052029869
Very Defensive,-0.034841061
Very Defensive,-0.081151303
Very Defensive,-0.0410732
Very Defensive,0.010371192
Very Defensive,0.004738992
Very Defensive,0.030265516
Very Defensive,0.025595626
Very Defensive,0.016865294
Very Defensive,-0.077020932
Very Defensive,-0.03773409
Very Defensive,-0.052349302
Very Defensive,-0.078307426
Very Defensive,-0.073428695
Very Defensive,-0.121741802
Very Defensive,-0.06608773
Very Defensive,-0.052725389
Very Defensive,-0.068822781
Very Defensive,-0.004963733
Very Defensive,0.015193373
Very Defensive,0.040275361
Very Defensive,0.079295519
Very Defensive,0.106343202
Very Defensive,0.087126895
Very Defensive,0.083767619
Very Defensive,0.093825311
Very Defensive,0.132780102
Very Defensive,0.108431522
Very Defensive,0.070077434
Very Defensive,0.096171782
Very Defensive,0.151686399
Very Defensive,0.182875055
Very Defensive,0.239714073
Very Defensive,0.180552198
Very Defensive,0.178772564
Very Defensive,0.163531079
Very Defensive,0.131832805
Very Defensive,0.124354673
Very Defensive,0.097324372
Very Defensive,0.07162953
Very Defensive,0.010754519
Very Defensive,-0.024097541
Very Defensive,-0.098756867
Very Defensive,-0.028353163
Very Defensive,-0.011674275
Very Defensive,0.020896162
Very Defensive,0.036205491
Very Defensive,0.01720194
Very Defensive,0.043017386
Very Defensive,0.081866909
Very Defensive,0.055964731
Very Defensive,0.023346956
Very Defensive,-0.014425842
Very Defensive,-0.012115712
Very Defensive,0.012962586
Very Defensive,-0.018942856
Very Defensive,-0.04610457
Very Defensive,0.034577792
Very Defensive,0.06322489
Very Defensive,0.025985985
Very Defensive,0.008362765
Very Defensive,0.017425345
Very Defensive,0.070452603
Very Defensive,0.032963197
Very Defensive,-0.047102024
Very Defensive,-0.095782283
Very Defensive,-0.089800975
Very Defensive,-0.080280239
Very Defensive,-0.029553238
Very Defensive,-0.059268191
Very Defensive,-0.066017389
Very Defensive,-0.065424345
Very Defensive,-0.138593565
Very Defensive,-0.116197936
Very Defensive,-0.083428713
Very Defensive,0.03895246
Very Defensive,0.107082038
Very Defensive,0.012371023
Very Defensive,-0.077940452
Very Defensive,-0.034997936
Very Defensive,0.028267207
Very Defensive,0.089373239
Very Defensive,0.14824989
Very Defensive,0.188124566
Very Defensive,0.258324794
Very Defensive,0.216535429
Very Defensive,0.216417567
Very Defensive,0.234112288
Very Defensive,0.252667971
Very Defensive,0.199260371
Very Defensive,0.152129257
Very Defensive,0.185045967
Very Defensive,0.179621517
Very Defensive,0.095303923
Very Defensive,0.042439883
Very Defensive,0.001371212
Very Defensive,-0.049723829
Very Defensive,0.009072953
Very Defensive,0.053491705
Very Defensive,0.0747023
Very Defensive,-0.011210103
Very Defensive,0.010633758
Very Defensive,0.003452331
Very Defensive,0.07160285
Very Defensive,0.110750047
Very Defensive,0.095602325
Very Defensive,0.161209419
Very Defensive,0.19624553
Very Defensive,0.131858497
Very Defensive,0.147598746
Very Defensive,0.237998581
Very Defensive,0.154602504
Very Defensive,0.182919226
Very Defensive,0.002412334
Very Defensive,-0.092427917
Very Defensive,-0.034272179
Very Defensive,-0.0861012
Very Defensive,-0.148201466
Very Defensive,-0.073231463
Very Defensive,-0.102882925
Very Defensive,-0.115653923
Very Defensive,-0.117879965
Very Defensive,-0.107485313
Very Defensive,0.05546605
Very Defensive,0.080152278
Very Defensive,0.114524244
Very Defensive,0.04076428
Very Defensive,0.091293081
Very Defensive,0.100551225
Very Defensive,0.181310603
Very Defensive,0.321575608
Very Defensive,0.333270366
Very Defensive,0.345670791
Very Defensive,0.678352942
Very Defensive,0.719571276
Very Defensive,0.527691871
Very Defensive,0.513320271
Very Defensive,0.223031298
Very Defensive,0.123932253
Very Defensive,0.123838855
Very Defensive,0.008862173
Very Defensive,0.083224511
Very Defensive,0.047708626
Very Defensive,-0.318125954
Very Defensive,-0.287750171
Very Defensive,-0.165548745
Very Defensive,-0.086531026
Very Defensive,0.162695553
Very Defensive,0.154516314
Very Defensive,0.239843982
Very Defensive,0.273277948
Very Defensive,0.092281356
Very Defensive,0.161967069
Very Defensive,0.191932139
Very Defensive,0.184920573
Very Defensive,0.302537345
Very Defensive,0.456933091
Very Defensive,0.289419982
Very Defensive,0.259274198
Very Defensive,-0.069486663
Very Defensive,-0.217359321
Very Defensive,-0.097656787
Very Defensive,-0.366251826
Very Defensive,-0.450436966
Very Defensive,-0.423722437
Very Defensive,-0.522085386
Very Defensive,-0.681401214
Very Defensive,-0.534067331
Very Defensive,-0.434626828
Very Defensive,-0.187841547
Very Defensive,-0.032196005
Very Defensive,0.047230459
Very Defensive,0.277168212
Very Defensive,0.358480724
Very Defensive,0.346973423
Very Defensive,0.384107579
Very Defensive,0.283578743
Very Defensive,0.286925709
Very Defensive,0.200941881
Very Defensive,0.149718251
Very Defensive,0.105368275
Very Defensive,0.062588332
Very Defensive,0.053547413
Very Defensive,0.042080031
Very Defensive,0.047121284
Very Defensive,-0.112906988
Very Defensive,-0.132274755
Very Defensive,-0.089084129
Very Defensive,-0.032206587
Very Defensive,0.060438718
Very Defensive,0.086982253
Very Defensive,0.065799129
Very Defensive,0.085862569
Very Defensive,0.004242317
Very Defensive,0.001928956
Very Defensive,0.141982227
Very Defensive,0.274877674
Very Defensive,0.237422026
Very Defensive,0.292456643
Very Defensive,0.298656991
Very Defensive,0.253919322
Very Defensive,0.243707622
Very Defensive,0.225706634
Very Defensive,0.287765508
Very Defensive,0.26299309
Very Defensive,0.24268436
Very Defensive,0.193845551
Very Defensive,0.275638989
Very Defensive,0.333105208
Very Defensive,0.231593278
Very Defensive,0.235502622
Very Defensive,0.125156083
Very Defensive,0.104965629
Very Defensive,0.212897275
Very Defensive,0.21363779
Very Defensive,0.158667879
Very Defensive,0.270683312
Very Defensive,0.183527009
Very Defensive,0.057167952
Very Defensive,0.017549381
Very Defensive,-0.014462853
Very Defensive,0.109206922
Very Defensive,0.059511684
Very Defensive,0.027485721
Very Defensive,0.068957777
Very Defensive,0.207701854
Very Defensive,0.145922605
Very Defensive,0.16619895
Very Defensive,0.185411839
Very Defensive,0.278514931
Very Defensive,0.311295608
Very Defensive,0.306591296
Very Defensive,0.381853309
Very Defensive,0.32007574
Very Defensive,0.233761735
Very Defensive,0.133693236
Very Defensive,0.106482533
Very Defensive,0.04797369
Very Defensive,0.051088979
Very Defensive,0.055292618
Very Defensive,0.042713198
Very Defensive,0.019422009
Very Defensive,-0.001850201
Very Defensive,0.001927862
Very Defensive,0.009715399
Very Defensive,0.01615518
Very Defensive,-0.008543432
Very Defensive,0.02628134
Very Defensive,0.042089656
Very Defensive,-0.030965376
Very Defensive,-0.046667468
Very Defensive,-0.092485856
Very Defensive,-0.130981367
Very Defensive,-0.096480508
Very Defensive,-0.042131535
Very Defensive,0.031462306
Very Defensive,0.088026647
Very Defensive,0.117093213
Very Defensive,0.081367926
Very Defensive,0.11336143
Very Defensive,0.178421981
Very Defensive,0.18790188
Very Defensive,0.236877432
Very Defensive,0.242680363
Very Defensive,0.240205488
Very Defensive,0.139138691
Very Defensive,0.115039815
Very Defensive,0.068372947
Very Defensive,0.132199047
Very Defensive,0.101128613
Very Defensive,0.071821468
Very Defensive,0.090737807
Very Defensive,0.056642947
Very Defensive,0.027988193
Very Defensive,0.04178811
Very Defensive,0.125090912
Very Defensive,0.150283511
Very Defensive,0.169441326
Very Defensive,0.202245872
Very Defensive,0.150769567
Very Defensive,0.173409165
Very Defensive,0.176719269
Very Defensive,0.147664265
Very Defensive,0.194312216
Very Defensive,0.119429172
Very Defensive,0.048795785
Very Defensive,0.033704008
Very Defensive,0.089299182
Very Defensive,0.074060743
Very Defensive,0.196462264
Very Defensive,0.181886874
Very Defensive,0.179047584
Very Defensive,0.104481512
Very Defensive,0.037484735
Very Defensive,0.094544003
Very Defensive,0.043509693
Very Defensive,-0.047833278
Very Defensive,-0.102267873
Very Defensive,-0.210370947
Very Defensive,-0.24750511
Very Defensive,-0.196235707
Very Defensive,-0.181065959
Very Defensive,-0.058181815
Very Defensive,-0.075208828
Very Defensive,-0.086710461
Very Defensive,-0.014789458
Very Defensive,0.066891561
Very Defensive,0.079195576
Very Defensive,0.127240977
Very Defensive,0.094663894
Very Defensive,0.107792904
Very Defensive,0.044213824
Very Defensive,-0.068249726
Very Defensive,-0.003119371
Very Defensive,-0.025424399
Very Defensive,-0.082039991
Very Defensive,-0.094754247
Very Defensive,-0.001675249
Very Defensive,0.02389532
Very Defensive,0.022966694
Very Defensive,-0.01231812
Very Defensive,-0.050838355
Very Defensive,0.05805926
Very Defensive,0.031624367
Very Defensive,-0.058737656
Very Defensive,0.024655226
Very Defensive,0.071931679
Very Defensive,-0.018253077
Very Defensive,-0.023452972
Very Defensive,0.031775247
Very Defensive,0.061844993
Very Defensive,0.102086666
Very Defensive,0.101652527
Very Defensive,0.030830193
Very Defensive,0.213139416
Very Defensive,0.22679647
Very Defensive,0.297825725
Very Defensive,0.288939576
Very Defensive,0.184568694
Very Defensive,0.1720896
Very Defensive,0.020563081
Very Defensive,0.034797708
Very Defensive,0.009011047
Very Defensive,-0.035102296
Very Defensive,-0.143272188
Very Defensive,-0.139031428
Very Defensive,-0.272769435
Very Defensive,-0.391285088
Very Defensive,-0.31688685
Very Defensive,-0.384430652
Very Defensive,-0.305998317
Very Defensive,-0.22441379
Very Defensive,-0.155145147
Very Defensive,-0.064800552
Very Defensive,0.020630648
Very Defensive,0.009189348
Very Defensive,0.076874914
Very Defensive,0.190817283
Very Defensive,0.160316401
Very Defensive,0.255775617
Very Defensive,0.236853345
Very Defensive,0.193900676
Very Defensive,0.116695868
Very Defensive,0.184961298
Very Defensive,0.129003635
Very Defensive,0.133432844
Very Defensive,0.130570378
Very Defensive,0.098764642
Very Defensive,0.036258993
Very Defensive,-0.010069076
Very Defensive,0.053200298
Very Defensive,0.028324783
Very Defensive,0.035214861
Very Defensive,0.018969059
Very Defensive,-0.012224041
Very Defensive,-0.062789331
Very Defensive,-0.022571121
Very Defensive,0.069912581
Very Defensive,0.136310581
Very Defensive,0.178001367
Very Defensive,0.201068839
Very Defensive,0.209413925
Very Defensive,0.323209922
Very Defensive,0.314328558
Very Defensive,0.373990953
Very Defensive,0.411288232
Very Defensive,0.331351449
Very Defensive,0.27189361
Very Defensive,0.273200422
Very Defensive,0.129247453
Very Defensive,0.100528809
Very Defensive,0.095384144
Very Defensive,-0.023988661
Very Defensive,-0.069488604
Very Defensive,-0.094138308
Very Defensive,-0.08547221
Very Defensive,-0.034522705
Very Defensive,0.017502858
Very Defensive,-0.022349717
Very Defensive,0.026654185
Very Defensive,-0.032556675
Very Defensive,-0.035880806
Very Defensive,0.068256555
Very Defensive,0.112844933
Very Defensive,0.073454352
Very Defensive,0.015896771
Very Defensive,0.065758973
Very Defensive,0.053535395
Very Defensive,0.088235217
Very Defensive,0.252116938
Very Defensive,0.239119338
Very Defensive,0.409973078
Very Defensive,0.361899415
Very Defensive,0.380626142
Very Defensive,0.10071274
Very Defensive,0.061738271
Very Defensive,-0.022922161
Very Defensive,0.010566426
Very Defensive,-0.128106712
Very Defensive,-0.255904344
Very Defensive,-0.193084632
Very Defensive,-0.406411256
Very Defensive,-0.54641479
Very Defensive,-0.601663046
Very Defensive,-0.269871372
Very Defensive,-0.199348948
Very Defensive,-0.189744493
Very Defensive,-0.288193391
Very Defensive,-0.101160106
Very Defensive,0.046616604
Very Defensive,0.088478769
Very Defensive,0.094034141
Very Defensive,0.048018899
Very Defensive,0.04321723
Very Defensive,0.026133663
Very Defensive,0.028473006
Very Defensive,-0.101385476
Very Defensive,-0.156877898
Very Defensive,-0.166630159
Very Defensive,-0.337670417
Very Defensive,-0.415238355
Very Defensive,-0.340391154
Very Defensive,-0.165286171
Very Defensive,-0.098682168
Very Defensive,-0.086929251
Very Defensive,-0.162237025
Very Defensive,0.0089335
Very Defensive,-0.02299861
Very Defensive,-0.050841448
Very Defensive,0.010001835
Very Defensive,0.010111016
Very Defensive,-0.046733888
Very Defensive,-0.053826908
Very Defensive,-0.093931889
Very Defensive,-0.045512021
Very Defensive,0.035935869
Very Defensive,0.007715229
Very Defensive,0.02278593
Very Defensive,0.011094122
Very Defensive,0.064579024
Very Defensive,0.082617537
Very Defensive,0.079381062
Very Defensive,0.002015405
Very Defensive,0.055756238
Very Defensive,0.007252383
Very Defensive,-0.095570805
Very Defensive,-0.121696147
Very Defensive,0.028995656
Very Defensive,0.121708469
Very Defensive,0.05699258
Very Defensive,-0.038020441
Very Defensive,0.026789123
Very Defensive,0.090042125
Very Defensive,0.052770839
Very Defensive,-0.02919056
Very Defensive,0.000822282
Very Defensive,0.006615277
Very Defensive,-0.041186724
Very Defensive,-0.104058829
Very Defensive,-0.047283525
Very Defensive,0.054991214
Very Defensive,0.082674124
Very Defensive,0.056455507
Very Defensive,0.076087207
Very Defensive,0.005222834
Very Defensive,0.037216631
Very Defensive,0.091872725
Very Defensive,-0.056949467
Very Defensive,-0.113468484
Very Defensive,-0.151652491
Very Defensive,-0.173921363
Very Defensive,-0.33058552
Very Defensive,-0.319956084
Very Defensive,-0.344917954
Very Defensive,-0.226066018
Very Defensive,-0.267251395
Very Defensive,-0.316795517
Very Defensive,-0.112339102
Very Defensive,-0.031452298
Very Defensive,-0.022871675
Very Defensive,0.044628495
Very Defensive,0.171659423
Very Defensive,0.164020109
Very Defensive,0.173034751
Very Defensive,0.207182152
Very Defensive,0.312860568
Very Defensive,0.424253047
Very Defensive,0.443156679
Very Defensive,0.500654099
Very Defensive,0.466885552
Very Defensive,0.311951562
Very Defensive,0.321666521
Very Defensive,0.290104702
Very Defensive,0.148754388
Very Defensive,0.153858602
Very Defensive,0.140830242
Very Defensive,0.100143422
Very Defensive,-0.060158892
Very Defensive,-0.28402341
Very Defensive,-0.30081104
Very Defensive,-0.143131928
Very Defensive,-0.151899467
Very Defensive,-0.179248407
Very Defensive,-0.08821259
Very Defensive,0.008022703
Very Defensive,-0.11223099
Very Defensive,-0.296998854
Very Defensive,-0.218764763
Very Defensive,0.004790784
Very Defensive,0.07344489
Very Defensive,-0.029433935
Very Defensive,-0.040879375
Very Defensive,0.049229882
Very Defensive,0.055327496
Very Defensive,-0.004644665
Very Defensive,0.135814516
Very Defensive,0.108836566
Very Defensive,0.06456812
Very Defensive,-0.042421609
Very Defensive,-0.052883646
Very Defensive,0.052633859
Very Defensive,0.083615898
Very Defensive,0.077493452
Very Defensive,0.103714
Very Defensive,0.088542682
Very Defensive,0.003862235
Very Defensive,0.160950851
Very Defensive,0.188810157
Very Defensive,0.234513231
Very Defensive,0.219916269
Very Defensive,0.151265736
Very Defensive,0.154134054
Very Defensive,0.144704618
Very Defensive,0.187385133
Very Defensive,0.212161815
Very Defensive,0.246909859
Very Defensive,0.234380025
Very Defensive,0.310228786
Very Defensive,0.270072033
Very Defensive,0.293622099
Very Defensive,0.248030295
Very Defensive,0.205876804
Very Defensive,0.224192415
Very Defensive,0.184565785
Very Defensive,0.216407005
Very Defensive,0.30950671
Very Defensive,0.281222743
Very Defensive,0.208169951
Very Defensive,0.228019566
Very Defensive,0.163859243
Very Defensive,0.213427091
Very Defensive,0.124016926
Very Defensive,0.067434232
Very Defensive,0.025232603
Very Defensive,-0.038080794
Very Defensive,-0.141966996
Very Defensive,-0.024999779
Very Defensive,0.05032601
Very Defensive,0.052111815
Very Defensive,-0.1036086
Very Defensive,-0.130821891
Very Defensive,-0.196459353
Very Defensive,-0.195557342
Very Defensive,-0.25366229
Very Defensive,-0.270851515
Very Defensive,-0.235806524
Very Defensive,-0.349116894
Very Defensive,-0.375031626
Very Defensive,-0.389981869
Very Defensive,-0.1765119
Very Defensive,-0.15218185
Very Defensive,-0.028643472
Very Defensive,0.105697051
Very Defensive,0.216517877
Very Defensive,0.170784334
Very Defensive,0.115775951
Very Defensive,0.164839121
Very Defensive,0.126689739
Very Defensive,0.130433046
Very Defensive,0.123368754
Very Defensive,0.072728336
